series,Series,YR2000,YR2001,YR2002,YR2003,YR2004,YR2005,YR2006,YR2007,YR2008,YR2009,YR2010,YR2011,YR2012,YR2013,YR2014,YR2015,YR2016,YR2017,YR2018,YR2019,YR2020
NE.CON.GOVT.CN,General government final consumption expenditure (current LCU),145701000000.0,162959000000.0,176821000000.0,205207000000.0,227596000000.0,246056000000.0,267147000000.0,314734000000.0,389194000000.0,435695000000.0,449064000000.0,522062000000.0,590537875000.0,670936000000.0,750449800000.0,885292600000.0,908698800000.0,1053747300000.0,1164464400000.0,1271396800000.0,1398281000000.0
BN.RES.INCL.CD,"Reserves and related items (BoP, current US$)",-7210340.45430686,9956313.69104767,-16376846.8798788,425237930.777219,-13118746.0292622,117199418.014099,581298572.296047,811321396.908363,-495285703.450195,1117977180.22617,141599297.685969,-1211685466.75955,1215853073.83714,393724268.98362,1377941689.47557,-292950668.097178,103968419.156101,-122840444.736198,852669145.548317,1091208151.18527,
BX.GSR.ROYL.CD,"Charges for the use of intellectual property, receipts (BoP, current US$)",7066730.1895348,5025533.90299364,9943448.06086246,11643555.2728272,16631622.2655567,17501232.0256387,9889483.24694649,23041990.5917306,32830829.6490827,19483565.1415089,53797055.1114851,55002570.9835419,32121613.6282976,41727483.8410032,59651625.0106628,91720069.600645,65959606.4627368,68571186.5827143,71288309.8588931,63052340.6758658,
NE.GDI.TOTL.CD,Gross capital formation (current US$),2212522398.93404,2440115015.82804,1990333857.78377,2456584864.78656,2730170839.34332,3307179888.31844,4812221223.62026,6537681081.91617,7040012836.95192,7157229289.48185,8336379194.58005,9105052538.65521,10826440519.0608,11077506679.4081,13783815691.6001,13739875838.3964,12630719456.4965,15030329491.3786,15752121388.0136,16619152858.1233,15484937642.5541
NV.IND.MANF.CN,"Manufacturing, value added (current LCU)",99838000000.0,99777000000.0,101711000000.0,109885000000.0,127443000000.0,149162000000.0,236281000000.0,275167000000.0,300345000000.0,342532000000.0,356717000000.0,437814000000.0,469103845600.0,506612000000.0,537999177600.0,588895600000.0,654456200000.0,659140600000.0,690592400000.0,734609100000.0,
NY.ADJ.DKAP.CD,Adjusted savings: consumption of fixed capital (current US$),1936691958.87618,1947976907.85859,2005587026.60528,2303250538.71249,2454952524.72987,2712419282.85317,3526364173.26455,4217492369.22805,4620817656.52097,4738953944.72525,5109856492.79977,5151700883.42394,6092450004.02713,6524025549.54145,8307590764.01589,8308587277.71282,8482611394.77115,11475582551.8594,13010852083.2751,14624963231.6753,
BX.KLT.DINV.WD.GD.ZS,"Foreign direct investment, net inflows (% of GDP)",0.872895972152775,0.0408333582871575,0.210062252852969,0.548412532071826,0.286194263505208,0.113202055449979,0.196219536813607,2.28127609472115,0.266289350524594,0.314031962837587,0.445159513213557,3.45730965991654,2.7377340583613,2.0306452602246,1.33598137297269,0.968195196122876,0.981089215118585,1.60341570063338,1.85229822095217,1.3951767685004,
NY.TRF.NCTR.CD,Net secondary income (Net current transfers from abroad) (current US$),860231451.057098,718618664.487527,576733346.793805,609137011.015928,1002002531.14035,1635000615.45303,1784903912.30056,2108378789.49933,2331236727.56027,2299268280.07033,2327218893.09027,3102055155.45407,2809643012.62516,3075895029.08053,3525848280.63902,3452900584.14011,3229881660.30241,4448034008.02043,5004832105.31719,5283681733.50328,
BM.GSR.INSF.ZS,"Insurance and financial services (% of service imports, BoP)",8.62237337245891,10.5089709178208,8.44674042294195,10.2850424560086,11.3980958526187,6.6601453332301,6.75388793614503,4.4139586615737,5.95595526762059,6.95277592217568,8.61998510742063,9.99108988822066,9.98472687968141,10.9520855333949,8.52834630386396,7.96618279353861,8.7939804515086,10.6856499635416,9.3141321923824,8.96036269321345,
NE.CON.TOTL.KD,Final consumption expenditure (constant 2010 US$),24546339289.7505,25507225036.5211,25756369730.7517,26488704930.8367,27045270261.3715,28459096405.3553,30736984870.5188,32491833399.0123,32483727953.5152,34187672718.0173,36529611324.5458,38695657848.113,40990838282.7476,44257507519.7981,45967667764.4061,48790207079.924,51170131641.4126,54668932682.4561,58143791986.5023,61048110156.7096,
NE.IMP.GNFS.KD.ZG,Imports of goods and services (annual % growth),1.91848041939535,19.4695522760326,-11.2859534100541,-0.0615914158659621,12.2958731340652,14.943376494175,25.3170459424942,4.40563824623848,12.7438704651958,8.34773218142549,8.11333961563206,13.2378315350793,5.1995356634351,-0.443288285569778,10.3793180208081,1.17210254922962,-3.41110295490284,8.59488648047586,2.48129908255552,-2.02312253575229,-0.595077018427631
NE.IMP.GNFS.KD,Imports of goods and services (constant 2010 US$),5684009634.50438,6790660861.66894,6024270040.58621,6020559607.37262,6760839978.65593,7771137750.83519,9738560265.46865,10167606001.1571,11463352539.3561,12420282508.3541,13427982209.4778,15205555872.9289,15996174173.3654,15925265007.1156,17578198907.8606,17784233425.3682,17177594913.4887,18653989696.379,19116850971.5753,18730093651.4432,18618635168.5935
NE.RSB.GNFS.ZS,External balance on goods and services (% of GDP),-10.1339021027024,-10.0836832999909,-5.37672703460492,-5.95863528488702,-6.25648619783431,-7.46080573557718,-9.26660583735804,-10.0568062178661,-12.2304835408597,-10.7983830640768,-12.912898131627,-17.1967284304163,-13.3103691737812,-13.2822138252383,-14.7043427469258,-11.0315770626036,-9.04580575113658,-10.930909245344,-9.80110920568928,-9.33784788241913,-8.89589437659132
NY.TAX.NIND.CN,Taxes less subsidies on products (current LCU),108918930000.0,113348000000.0,116460000000.0,125721000000.0,141478000000.0,154197000000.0,212044000000.0,247878000000.0,271611000000.0,304896000000.0,341865000000.0,377922000000.0,431332031300.0,481179000000.0,519878062500.0,558604800000.0,606936900000.0,682287700000.0,746990400000.0,828907500000.0,
NY.ADJ.SVNG.GN.ZS,"Adjusted net savings, including particulate emission damage (% of GNI)",-1.90477386817778,-4.56109450529822,-5.49214811913342,-4.79444887264725,-1.33742603462354,1.2570109486543,5.11262876874413,5.40222586462726,4.01171177369473,2.50680501153462,2.18170735018809,2.11916795059745,1.74859902559985,-0.755424675755611,-1.60536727893024,-0.563516159871104,0.531012674280048,-3.77559712501247,-4.09937235741101,-5.02848804662509,
BX.GSR.TOTL.CD,"Exports of goods, services and primary income (BoP, current US$)",2820573264.17497,3057551984.14863,3251049911.78221,3669471395.79772,4327503932.2581,5415507873.37419,6045198365.48384,7223516613.02302,8466708412.13815,7567091067.75407,9127273510.66649,10241649595.5862,11551867029.457,11311569609.4747,11739483636.1568,10688300101.9381,10012330723.1159,10589496845.1779,11762840441.7746,11708975334.9388,
BM.TRF.PRVT.CD,"Secondary income, other sectors, payments (BoP, current US$)",4206956.62923302,5091442.62781064,5714347.99765542,6584529.53810806,34022964.8200533,56408976.7048306,25399012.3629819,16364743.7484526,64494922.3596873,60804774.7815689,19103834.6655448,25857075.8346313,14509050.0414054,16198281.5342339,170952600.301402,35050613.2495862,17907932.4494068,20214268.4525953,10730012.9361666,2563928.55203916,
BN.GSR.GNFS.CD,"Net trade in goods and services (BoP, current US$)",-987045307.056155,-1036959028.42705,-651650569.83269,-649327981.086306,-1007314078.38763,-1396557727.51619,-2225255504.46472,-2996292597.17752,-4268606184.72251,-3916599433.31789,-4548254403.349,-6360094807.3639,-6710092038.32959,-7318030034.44673,-9035500582.89971,-7061017154.87046,-6258694417.05957,-8631630972.18117,-8603277934.93738,-8917819621.62483,
NY.GNS.ICTR.CN,Gross savings (current LCU),124662469524.338,99743396857.8813,88349356285.3176,107233423959.04,152426868579.108,196399218160.243,299066837496.56,358457607856.361,382510326678.936,415644014984.885,447672669204.704,505482535027.079,534163580645.464,455933607119.162,569319822749.185,703033361709.347,803795412027.089,750440842514.724,762954072565.053,776097947703.504,
NY.GDP.DEFL.ZS,GDP deflator (base year varies by country),47.5999517378907,48.3487562408291,48.7999495203628,51.8242352523748,55.5176663862512,58.2378375711894,71.9412783552314,77.789734216326,89.5757929509141,100.0,102.091675656592,113.111371919954,123.720970499004,130.115791260388,140.613904835221,154.710422589226,163.298193835041,181.166164242171,185.554861484043,192.904792229512,209.025895633562
BN.KAC.EOMS.CD,"Net errors and omissions (BoP, current US$)",-126694121.836376,129977796.598914,178629364.650388,-256911749.56254,-68905177.7075478,-233546192.6309,242288040.016072,-257949938.103491,300514919.709436,74460994.817983,175442246.737383,-736486347.514403,-379148704.601917,-150429500.328986,159614319.429043,10632825.5401401,-1243752466.98299,-177525159.088525,-897490495.770903,205412800.954351,
NE.CON.TOTL.CD,Final consumption expenditure (current US$),11859823696.5954,12407249713.9242,12581400930.2963,14196627400.8863,15030590927.8069,17384946680.5905,23392445021.4145,28597558439.3977,32665142037.6926,33862007446.4784,36529611324.5458,38941356231.4493,46677730114.6581,52278650626.024,57630374353.69,59487215632.7505,63493814061.2624,74652272632.7689,83802681300.1966,91252103147.3674,
NE.GDI.FTOT.KN,Gross fixed capital formation (constant LCU),238068580200.0,267545609000.0,251169481900.0,231195952300.0,248154309600.0,317137751900.0,417820000000.0,427003000000.0,481888000000.0,529927000000.0,604547000000.0,632010000000.0,710109812500.0,725143000000.0,828130500000.0,882676900000.0,801203500000.0,867847000000.0,879105900000.0,900252200000.0,870194000000.0
NE.GDI.TOTL.KD,Gross capital formation (constant 2010 US$),3468240583.30781,3888641372.25289,3096360840.77069,3406169344.5985,3665976017.95739,4151369044.82595,5457968815.76822,5903258749.94344,6737756558.2678,7485170338.4755,8336379194.58005,8883801212.03323,9718885079.23689,9688594997.72565,10739906482.7593,11277699367.3411,10776125921.1884,11990240327.5331,12040086841.2515,12335553308.7023,
NY.GDP.MKTP.CD,GDP (current US$),12705357103.0056,12986007425.8781,13147743910.7241,14904517649.8476,16095337093.8366,18737897744.7948,25825524820.8064,31958195182.2406,35895153327.8497,37021512048.8158,40000088346.8041,41953433591.4101,50412754861.0191,55096728047.9408,61448046801.6041,64007750169.3344,69188755364.2995,78965004656.1823,87778582964.1388,95503088538.092,98842939649.1149
NY.ADJ.NNTY.PC.KD.ZG,Adjusted net national income per capita (annual % growth),-2.65083853951541,-0.829147450491973,-1.75234763913957,-1.19740603679767,2.33860377920587,4.87909558389164,10.5319681766489,2.28721193821231,-0.542057587834805,3.1168961753857,3.66758955348925,2.03071845797827,3.95691071702102,2.61098846326418,-0.908794455748762,5.81922722699433,5.47716027850961,-1.1411403463906,3.64018776219474,1.83658370539317,
NE.EXP.GNFS.KD,Exports of goods and services (constant 2010 US$),4862037579.50669,5037429949.47242,5395843363.45132,5784995184.47835,6513611779.97363,7124576784.68745,7376815886.18797,7831045618.4428,8016782585.12529,7598381027.64592,8262811548.69423,9023786086.72527,9635884955.81876,9427485509.63875,9977823492.90582,10596835014.2785,10363800883.3426,9723597095.92892,10100724066.2603,10078706626.3604,10068591292.8758
DT.DOD.PVLX.EX.ZS,"Present value of external debt (% of exports of goods, services and primary income)",,,,,,,,,,,,,,,,,,,,227.841721819352,
NE.GDI.FTOT.KD.ZG,Gross fixed capital formation (annual % growth),8.26100953105336,12.3817383945569,-6.12087305832031,-7.95221196815312,7.33505804547774,27.7986074113298,31.7471658598839,2.19783638887559,12.8535396706815,9.96891393850854,14.0811847669585,4.54274026667902,12.3573697409851,2.1170229217189,14.2023711185242,6.58669134876688,-9.23026307814332,8.31792422274739,1.29733697299179,2.4054326105649,-3.33886437600486
NV.IND.TOTL.CN,"Industry (including construction), value added (current LCU)",145329000000.0,156192000000.0,160002000000.0,176820000000.0,206506000000.0,240852000000.0,360940000000.0,415257000000.0,461421000000.0,536917000000.0,587895000000.0,704457000000.0,792583571400.0,855262000000.0,942317454700.0,1087214000000.0,1256525700000.0,1370998800000.0,1458757400000.0,1572719200000.0,1702042000000.0
DT.TDS.DECT.GN.ZS,Total debt service (% of GNI),4.71449948299095,3.78120072604703,4.08107039030881,3.94362831712598,2.24671101181596,2.88742021127055,1.6748260516146,1.43679760056143,1.1530238719882,1.05191097367701,1.00857607399134,1.05308330694421,1.10553395618804,1.01813035232819,2.23426380480283,1.43191874051652,1.6452134367779,2.00194712542836,3.20909184530691,4.7795683281449,
NY.GNS.ICTR.CD,Gross savings (current US$),1636516590.29922,1269595991.72998,1121909409.57189,1412164586.51144,1925218551.8329,2599451494.49524,4147899017.7163,5324872066.98338,5529579585.18339,5373410060.30723,5650064230.71016,5691678658.75636,6319248886.13531,5293988092.8204,6475268166.05118,7160766987.77581,7918823341.91512,7256883389.611,7531510583.89061,7609549443.11701,
NY.GDP.FCST.CD,Gross value added at basic prices (GVA) (current US$),11275515093.4356,11543243583.8199,11668869866.4493,13248888859.6243,14308407579.275,16697015780.7452,22884572709.3181,28275993202.372,31968737396.1515,33079842796.5663,35685419748.2873,37698072756.917,45310021246.9951,49509607781.4379,55535113975.7649,58318064545.6999,63209340678.8277,72367173092.9718,80404658958.9898,87375747622.3159,
FP.CPI.TOTL.ZG,"Inflation, consumer prices (annual %)",9.98002515350982,5.73859814341468,1.96130821739159,9.81569062979655,11.6240355442427,10.3127783574682,14.4537342081708,9.75888023027526,26.2398166445063,9.23412592394648,3.9613888911539,14.0224939638475,9.37776748155123,5.71749357037732,6.87815499275946,6.58217440250398,6.29715752456274,8.0057227913467,4.68981976129857,5.23585999425422,5.40481467184518
GC.DOD.TOTL.GD.ZS,"Central government debt, total (% of GDP)",,,,,,,,,,,,,,,,,,,,,
NY.GDP.FCST.KD,Gross value added at basic prices (GVA) (constant 2010 US$),24006970661.1022,25031950788.6051,25206732630.9979,25995459158.7015,27016326448.3957,28429293559.0341,30029810844.6094,31908837898.9783,31880692213.8574,32945528717.3107,35685419748.2873,37588922990.8606,39161006464.9922,41277295284.4684,43597162522.9588,46258940899.6842,49068172275.2831,51372475289.8129,54664507152.7852,57668088232.1806,
NY.GNP.PCAP.PP.CD,"GNI per capita, PPP (current international $)",1600.0,1650.0,1650.0,1680.0,1760.0,1890.0,2010.0,2140.0,2140.0,2160.0,2300.0,2440.0,2520.0,2740.0,2980.0,3320.0,3580.0,3970.0,4230.0,4420.0,4370.0
NY.GNP.MKTP.PP.KD,"GNI, PPP (constant 2017 international $)",90762548639.6482,94111384788.3366,94807112191.7712,97414399276.7353,102622575473.14,109542331061.769,116359216720.821,124119579950.948,124843018472.364,128926719555.2,139426141326.073,148508956507.218,154573685609.199,162629291233.021,170823417024.992,180805427660.134,191034333143.501,199324373582.831,212502662157.86,223104255595.42,
NY.GNP.MKTP.KN,GNI (constant LCU),2013563429220.94,2087857222206.24,2103291906194.95,2161134463532.2,2276677639425.76,2430192134129.19,2581424463652.51,2753587804500.22,2769637258507.92,2860234000000.0,3093163242541.79,3294665125832.19,3429210892901.44,3607924174177.34,3789710519717.89,4011161017376.53,4238088867144.61,4422003075213.74,4714362868235.33,4949558785023.56,
NY.ADJ.DRES.GN.ZS,Adjusted savings: natural resources depletion (% of GNI),1.64728904748673,1.53908479260511,1.81549079418399,2.42335263323038,1.94476615721526,2.22666839296437,1.70997152591018,2.15773957537601,2.18812897237407,2.27042634983582,1.89196789760334,1.98695053835415,1.92790384401901,1.71445463355054,1.64192469378879,1.61702380686909,1.56149391234044,1.31205244394626,0.717164752976297,0.567282930311962,
NE.CON.GOVT.KD,General government final consumption expenditure (constant 2010 US$),3958877207.37391,4068479154.1394,4135263938.31278,4383778236.96212,4409293769.36416,4374765410.80957,4286517445.89774,4635712914.26018,5032071859.12154,5468039088.13155,5667624177.74367,5900931529.55713,6305701038.78934,6687851248.40638,6801220549.16682,7584735411.39708,8009290785.91521,8322669371.47289,8790674632.09717,9221737261.15619,9705234431.14457
NV.AGR.TOTL.ZS,"Agriculture, forestry, and fishing, value added (% of GDP)",28.7217806412905,27.8492601112896,25.8539676039456,25.8044393708329,24.9290410875057,24.2362747002419,20.5196878049409,20.5866644602991,22.1963401579826,23.3604009934043,24.8262174872647,26.3046046638708,26.1699503032215,26.4433340568883,27.4509408108362,30.1924088834496,31.0723304241767,34.8312290433435,34.0985929448991,34.1496536062322,35.1507378413235
NE.IMP.GNFS.ZS,Imports of goods and services (% of GDP),31.7214732444648,33.0152596643276,30.2746996493051,30.045450590308,32.8667447731316,35.9698359497784,32.2515454815442,31.975797511236,34.9045410940864,30.8310123169843,33.5698813789013,38.8227008753279,35.5377227447336,33.2076103930589,33.0013241292445,27.6050852673033,23.3730076126984,24.1628732428849,22.9752487679838,21.3696454751159,20.1563784522012
BN.GSR.MRCH.CD,"Net trade in goods (BoP, current US$)",-1243181142.06514,-1326716048.53398,-982181845.824895,-1143511540.57689,-1611148605.33722,-2127070799.5481,-3243079500.28695,-4245578460.01485,-5606949151.3173,-4969198435.69882,-6231315868.14713,-8355257117.1205,-9314604637.40684,-10243201997.1359,-10710174983.6504,-8378556485.33008,-7691378997.34193,-10187168621.4803,-10199616418.5518,-10682885880.3411,
NY.ADJ.DCO2.CD,Adjusted savings: carbon dioxide damage (current US$),193421634.308981,181765653.334945,160568327.933319,141757198.595043,168000172.717748,198942717.430593,234347165.60513,252654123.594189,274364192.311699,340973536.284318,347578926.959772,401072157.764788,389491290.375895,430835989.589152,485823263.671691,591682103.93688,643263380.028075,707835557.79325,794418314.598639,879332087.971216,
NV.IND.MANF.ZS,"Manufacturing, value added (% of GDP)",10.3155807456118,9.77993983656482,9.82360946248357,9.70902523630876,10.0007925739742,10.5360857511169,12.6893553901337,12.7904398588978,12.0957706183263,11.9612192389674,11.2552633281114,11.7505001451991,11.0082871291797,10.6765519726707,9.95806558790734,9.37107372509042,9.31880448012036,8.07192428969543,7.76634938279953,7.54190912861537,
BX.GSR.CCIS.CD,"ICT service exports (BoP, current US$)",19764905.0225158,43190147.7530286,13848493.8503986,13656972.7149899,112016241.225919,177579089.971603,281074830.755835,328361639.176784,435638896.647809,376520262.820772,357174483.043775,386719989.154438,467588858.557019,515175648.649776,755711724.114998,550307406.252467,451360076.677631,473085837.99522,,,
BM.KLT.DINV.CD.WD,"Foreign direct investment, net outflows (BoP, current US$)",10000.0,10000.0,7415864.95598841,2075312.0198209,4416103.10598443,9687229.52747525,23957697.5713536,36033275.5632582,43766296.0330559,45988515.5298909,1577871.26630206,85988590.0876386,238371702.354194,198610752.022294,75118541.897694,241990823.391713,157404911.538935,256588872.695284,164384690.560605,203954966.545518,
NE.CON.PRVT.PP.KD,"Households and NPISHs Final consumption expenditure, PPP (constant 2017 international $)",71070424733.3781,74018232175.6332,74642441568.2661,76286575929.1565,78132671112.8812,83185065356.2666,91441076228.5416,96283615352.9302,94821052633.2547,99172452632.3887,106599262828.176,113291998520.405,119813578495.024,129797434150.144,135337891327.415,142323866235.116,149068722443.355,160109183901.757,170506768134.528,179052770581.841,
BN.TRF.CURR.CD,"Net secondary income (BoP, current US$)",920763349.427807,838338092.028971,677152377.428029,870349830.567252,1002059820.03021,1252694667.26813,1784901658.4637,2108417529.09136,2331226994.01284,2258558472.7594,2327214718.1321,2671122600.25897,2809636342.12706,3075878855.90432,3525836048.79297,3452876767.41188,3234203758.92167,4452743787.30602,5004833808.79524,5283614547.53901,
NV.MNF.CHEM.ZS.UN,Chemicals (% of value added in manufacturing),5.15794819705434,6.20583902101687,6.01211023860435,6.60505803047718,6.63749319661626,5.42900394803937,5.21695931081668,5.13940815974299,5.08011396695625,6.49662228536021,5.33700384338285,5.80477465213379,7.73695420660277,6.8421063020491,7.89240852196477,9.0962131761186,9.80386763968854,7.98680361527228,8.85191965671611,,
NE.CON.PRVT.KD,Households and NPISHs Final consumption expenditure (constant 2010 US$),20575888392.1619,21429320141.8801,21610037547.81,22086037589.1537,22620508131.635,24083247385.7635,26473478750.0714,27875461993.1982,27452029497.9025,28711821050.6858,30861987146.8021,32799628340.8451,34687717545.3451,37578184296.5129,39182224640.2812,41204762715.0225,43157493532.1318,46353862536.7953,49364109535.0958,51838297542.4804,
DT.DOD.PVLX.GN.ZS,Present value of external debt (% of GNI),,,,,,,,,,,,,,,,,,,,28.5087522333869,
NE.DAB.DEFL.ZS,Gross national expenditure deflator (base year varies by country),50.1589191532805,52.0307755576482,52.1040608522938,55.4303622110657,60.0107684946698,62.8506077837696,73.7176045736127,80.8348627302212,91.9495254747847,100.0,104.086603074512,117.817174971084,125.948527967252,132.843744719888,145.473495939601,157.23988602867,163.795837359261,182.731106317835,188.674473745446,196.82655913431,
NV.AGR.TOTL.KD.ZG,"Agriculture, forestry, and fishing, value added (annual % growth)",-1.27720162593101,11.6580667136217,-3.49636074506655,2.43043144700607,1.74823930214308,6.90639829628546,1.73005465120836,5.08990681191757,-4.9832642254084,-2.29778794278387,10.0491951047059,2.36364006818846,3.06619601218689,5.44433125306234,4.3668562459325,5.34277885391113,4.68184419460486,1.57457385451025,5.95381225660461,3.58202222468887,6.40126339247222
NY.GDP.PCAP.PP.KD,"GDP per capita, PPP (constant 2017 international $)",2867.74670834945,2896.05162943961,2833.9685166716,2839.09457594395,2903.91666575947,2992.34077880203,3099.35266606512,3221.25297210235,3140.61291316316,3156.43683396753,3329.85375197704,3439.34377800536,3501.78972414264,3611.8202602474,3709.15256291153,3824.75930317654,3952.75813183016,4046.23477111755,4203.83827267811,4329.87188383259,4220.44024846369
NY.GNP.PCAP.CN,GNI per capita (current LCU),29969.1580584083,30705.5372031579,30392.4489121244,32272.5004203579,35445.7561606035,38641.9380237438,49323.6494031096,55331.1282967619,62345.923741827,69929.2974846729,75126.9715239466,86308.9466067075,95669.4660041144,103106.775999448,114053.590473743,129586.799157757,141084.505598816,159491.328612852,170166.662223742,181535.171199845,192041.151360737
BN.FIN.TOTL.CD,"Net financial account (BoP, current US$)",-276529155.17308,-138832876.863699,142139842.604779,38557161.3068901,-55491409.7730506,-382528497.918157,-99742395.4690455,-1133172270.36395,-1587589982.05057,-1353212958.27453,-1953047327.74337,-4320862837.08972,-4359973027.32758,-4834126988.42745,-5942999914.6976,-4148196672.68402,-5072880416.76242,-5680832758.21726,-5682646912.32108,-5146486802.81407,
DT.TDS.DECT.EX.ZS,"Total debt service (% of exports of goods, services and primary income)",21.0196812552366,15.8770724297325,16.3518460197548,15.8395942005604,8.28271114274801,9.98729954136341,7.1355616907945,6.32798399433187,4.8840072702536,5.14020030177125,4.40375085101015,4.31467498937321,4.80301680572651,4.90513759235724,11.529576009896,8.46629075877001,11.2029934120167,14.6431548247366,23.5520357843266,38.1982721840226,
BX.TRF.PWKR.CD,"Personal transfers, receipts (BoP, current US$)",0.0,50914426.2781064,57143479.9765542,65845295.3810806,375811334.23186,424991045.929028,570459274.012713,645217182.470908,667312380.28695,631470507.751479,685755700.462768,934139771.426426,1211015734.05891,1304270348.7247,1440840740.42481,1569256448.01188,1744642660.94757,1962264725.59694,2720366061.45975,2838192215.41577,
BX.GSR.MRCH.CD,"Goods exports (BoP, current US$)",1778396179.08854,1888506138.27505,2159397466.27503,2409571842.79582,2723419273.10871,3459469536.43895,3509011371.88386,4123270264.91706,5028607148.45021,4492161558.26807,5210865334.4552,5833468050.36876,6212232816.75145,5846163757.40218,6218902669.96503,5970106324.9268,5747709967.70362,5801156581.46841,6086592995.13318,5870736830.16752,
GC.REV.XGRT.GD.ZS,"Revenue, excluding grants (% of GDP)",,,,,,,,,,,,,,,21.7389079763447,21.1995920201651,20.616186856952,21.9681942427668,19.6204233125343,20.072986486098,
NY.GDP.MKTP.PP.KD,"GDP, PPP (constant 2017 international $)",91666253120.5984,95131151777.2095,95651385546.6967,98456339037.4481,103481845730.088,109594172812.524,116687649399.44,124681604935.497,124971218790.782,129103941782.699,139956030815.561,148504914269.536,155281504077.038,164410007680.978,173217658364.58,183123122510.89,193888838038.969,203206547190.571,216046052697.289,227638541534.843,226938558732.216
NE.EXP.GNFS.CD,Exports of goods and services (current US$),2742778003.4263,2977896209.54367,3273521678.34299,3590023638.48266,4283010819.23566,5341992929.56967,5935981292.85667,7004914019.51347,8138887724.37561,7416382252.55973,8262811548.69423,9072837988.17261,11205421267.8162,10978241559.4459,11243137683.088,10608329725.9583,9912812646.54537,10448620986.7625,11564073025.5001,11490738307.6772,11130193479.0532
NE.EXP.GNFS.ZS,Exports of goods and services (% of GDP),21.5875711417625,22.9315763643367,24.8979726147002,24.086815305421,26.6102585752973,28.5090302142012,22.9849396441861,21.9189912933699,22.6740575532267,20.0326292529074,20.6569832472743,21.6259724449116,22.2273535709525,19.9253965678206,18.2969813823187,16.5735082046997,14.3272018615618,13.2319639975409,13.1741395622945,12.0317975926968,11.2604840756098
BM.GSR.TRAN.ZS,"Transport services (% of service imports, BoP)",46.1917543644925,37.4706125874972,37.6839384953699,35.4232816222151,36.3086302792622,37.0384592499747,47.3112504196933,46.0015752022874,44.7172662159761,45.7866687458774,44.7481769315119,49.5959603562926,53.7742110010445,50.2630392762909,45.2732164620544,43.0933868055326,35.5785279694459,33.361929435188,35.9655238380365,37.581525932068,
NE.DAB.TOTL.CN,Gross national expenditure (current LCU),1071968000000.0,1166455000000.0,1147511000000.0,1264570000000.0,1406187000000.0,1563375000000.0,2033579000000.0,2365220000000.0,2746616000000.0,3172920000000.0,3554876000000.0,4267040000000.0,4860804542000.0,5456416000000.0,6278892700000.0,7189326000000.0,7726975100000.0,9274158600000.0,10085060800000.0,11001789400000.0,
DT.DOD.DSTC.IR.ZS,Short-term debt (% of total reserves),84.2802316745369,49.7264360821002,61.6368715893982,46.6774852424125,43.5777908213106,27.2462939640029,24.4095004290526,28.8256562697013,33.0099557496802,24.9527760891093,24.1007359194461,30.3043779073195,27.6041666971427,36.6676959607123,25.3657507571739,35.9056520372938,28.2533604176757,36.2697674976595,31.1873745717136,28.6427640387167,
NE.GDI.FTOT.ZS,Gross fixed capital formation (% of GDP),16.7088065135105,18.1515573586507,17.2368798490979,15.8382091250789,16.2592234815342,18.6991117625245,19.4244380225784,19.9647291071788,18.8649238157143,18.5050536231601,20.3716868049607,20.3908405928418,21.1505909320719,20.5704422887659,22.8796494503382,21.6156338748085,17.6302207824501,18.2820628103737,17.2705459622641,16.7537000685806,15.6662050901405
BN.GSR.FCTY.CD,"Net primary income (BoP, current US$)",-133109664.574095,-121655897.523007,-143170881.121773,-88602614.6800989,-126518752.118133,-108453663.996496,-70079632.2088119,-144188066.353058,-45201768.4403272,-30490686.3748505,-147626834.993715,-130293242.254208,-315669703.064001,-599970159.074196,-868237481.873241,-812638777.616127,-1010323429.32063,-1508599099.31414,-1449225486.76896,-1925025942.59666,
NE.CON.GOVT.CD,General government final consumption expenditure (current US$),1912701590.40636,2074243506.17529,2245371693.13681,2702385577.23331,2874637822.10782,3256686268.51488,3705187737.16796,4675359787.03935,5626198946.73388,5632627469.23156,5667624177.74367,5878361640.70136,6986166680.0742,7790448301.20676,8535384692.37576,9017173821.15229,8952309456.53587,10189905512.8618,11495024757.7531,12465896656.535,13135467276.9016
NY.TRF.NCTR.CN,Net secondary income (Net current transfers from abroad) (current LCU),65528560900.0,56456910000.0,45417232000.0,46255123500.0,79332348000.0,123531000000.0,128693000000.0,141931000000.0,161264000000.0,177853000000.0,184393000000.0,275496000000.0,237498000000.0,264905000000.0,310000337700.0,339000600000.0,327847200000.0,459975200000.0,506997500000.0,538882700000.0,
DT.DOD.PVLX.CD,Present value of external debt (current US$),,,,,,,,,,,,,,,,,0.0,0.0,0.0,26677931010.5278,
BX.TRF.CURR.CD,"Secondary income receipts (BoP, current US$)",926570399.700395,854102853.123527,689275430.19781,884454287.909652,1044654677.92582,1319248955.79736,1832780715.60839,2148851052.24065,2419288383.46725,2341365208.30416,2370419015.56584,2717522923.03939,2849289837.92736,3122558772.30329,3728890557.02465,3516202931.31291,3285353725.77032,4508708699.29961,5052715584.03452,5338270959.31171,
NV.IND.EMPL.KD,"Industry (including construction), value added per worker (constant 2010 US$)",3371.91798044876,3979.46644982988,4516.31933376035,5279.46400866181,5970.57472755706,6745.47557319637,7051.99788994564,7331.7441066228,7183.96254102675,7242.28825437431,7568.36200526876,7769.8832913375,7746.91831096164,7784.94589103112,7867.20544420986,8048.03271976343,8119.39787604589,8146.04673171467,8301.69254705589,8392.90383627686,
NE.GDI.STKB.KN,Changes in inventories (constant LCU),-13135530100.0,-13818280800.0,44964011500.0,-16733753600.0,-19002521500.0,31501948400.0,-14132000000.0,9620000000.0,16457000000.0,23699000000.0,12037000000.0,25063000000.0,8728534200.0,-8545000000.0,-33774300000.0,-48543900000.0,-4168400000.0,18987700000.0,11415600000.0,12122900000.0,
PA.NUS.PPP,"PPP conversion factor, GDP (LCU per international $)",21.4529685397568,21.3227509195986,21.1866139935336,22.0893937558318,23.0432954548763,23.4421274603267,24.5253187749877,25.8253598375493,29.1707949114923,32.3191042138559,32.6150677943408,35.3961219787598,37.9786834716797,37.667854309082,38.2892570495605,39.0404777526855,39.3849563598633,40.1849365234375,40.1933696216339,41.0526001124321,43.9510033037306
GC.XPN.TOTL.GD.ZS,Expense (% of GDP),,,,,,,,,,,,,,,22.8228352113594,22.6933355315117,23.9955298393746,26.1057081796278,24.8264807403605,19.7582087895668,
NY.ADJ.DMIN.CD,Adjusted savings: mineral depletion (current US$),1872109.14157103,2162105.43173112,3729344.80434322,1384219.98573558,493447.871344782,866378.726454827,1691455.60548499,13377615.5276686,1889596.13373652,7143676.72539715,21523345.3840281,25820076.3838882,54034773.2148762,20908583.1115839,1626477.02360798,821922.883096885,1261603.80122613,3214409.32142518,3281287.32284472,0.0,
BN.CAB.XOKA.GD.ZS,Current account balance (% of GDP),-1.56935079105549,-2.46632258412886,-0.894975399014703,0.888450320310784,-0.818703017571567,-1.34655833691189,-1.97646894594216,-3.22941620624667,-5.52325530146651,-4.56094728034578,-5.92165322154822,-9.10358252570088,-8.36321167309701,-8.78840088907525,-10.379340697856,-6.90663107729834,-5.83160380066674,-7.20254030117881,-5.75045693660067,-5.82099605549942,
PA.NUS.ATLS,DEC alternative conversion factor (LCU per US$),76.1755,78.5631,78.7491,75.9355,79.1738,75.5541,72.1008,67.3176,69.1753,77.352,79.2332,88.8108,84.5296,86.1229,87.9222,98.1785,101.5044,103.4109,101.3016,101.99,106.4508
NY.GDS.TOTL.CD,Gross domestic savings (current US$),845533406.410197,578757711.953831,566342980.427713,707890248.96129,1064746166.02967,1352951064.20432,2433079799.39196,3360636742.84288,3230011290.15704,3159504602.33737,3470477022.25835,3012077359.96073,3735024746.36104,2818077421.91682,3817672447.91418,4520534536.58388,5694941303.03711,4312732023.41339,3975901663.94214,4250985390.72458,
PA.NUS.PPPC.RF,Price level ratio of PPP conversion factor (GDP) to market exchange rate,0.281625569110236,0.271409235628413,0.269039442908346,0.290896797358703,0.291046980881002,0.310269428930087,0.34015321293228,0.383634589432025,0.421693796940415,0.417818598276139,0.411633857957785,0.398556504149943,0.449294489405838,0.437373269003738,0.435490206677728,0.397647934656625,0.388012306460245,0.388594785689299,0.39676934640355,0.402515934036985,0.412876214210984
NY.GNS.ICTR.GN.ZS,Gross savings (% of GNI),13.0134513783101,9.88896863980188,8.61274224377454,9.58150509724652,12.0674988194594,13.877282935908,16.1049418465041,16.737505170393,15.41840705265,14.5318185499818,14.1774538184777,13.5639162949206,12.5913199451777,9.71431715598292,10.688822799651,11.3312049898606,11.6148507946578,9.36898983596988,8.72415914099815,8.13176852417529,
NE.CON.TOTL.CN,Final consumption expenditure (current LCU),903428000000.0,974752000000.0,990774000000.0,1078028000000.0,1190029000000.0,1313504000000.0,1686614000000.0,1925119000000.0,2259621000000.0,2619294000000.0,2894358000000.0,3458413000000.0,3945649855500.0,4502389000000.0,5066989300000.0,5840365600000.0,6444901500000.0,7719858700000.0,8489345700000.0,9306802000000.0,
NY.GDP.DISC.CN,Discrepancy in expenditure estimate of GDP (current LCU),-6051423000.0,-43358145400.0,-56468820000.0,-65349238400.0,-52129782000.0,-42025508000.0,1010000000.0,2486000000.0,40132000000.0,0.0,23712000000.0,99614000000.0,-32230459400.0,-81073000000.0,-81821439500.0,-211896400000.0,-68728400000.0,-215715600000.0,-321424399999.999,-351889400000.0,
NV.AGR.TOTL.KN,"Agriculture, forestry, and fishing, value added (constant LCU)",561432832800.0,626885047000.0,604966884300.0,619670189700.0,630503507500.0,674048591000.0,685710000000.0,720612000000.0,684702000000.0,668969000000.0,736195000000.0,753596000000.0,776702730500.0,818989000000.0,854753072300.0,900420638700.0,942576930100.0,957418500000.0,1014421400000.0,1050758200000.0,1118020000000.0
NY.GNP.MKTP.CN.AD,GNI: linked series (current LCU),1099313673901.32,1157647017483.22,1177025385727.94,1284479697545.21,1449248203904.83,1622038599349.3,1856988000000.0,2141643000000.0,2480868000000.0,2860234000000.0,3157638000000.0,3726670999999.98,4242315999999.99,4693418999999.99,5326309860500.01,6204400700000.0,6920410999999.99,8009837300000.0,8745302100000.02,9544024100000.01,10326302362163.6
NY.GSR.NFCY.CN,Net primary income (Net income from abroad) (current LCU),-9886069000.0,-11588042500.0,-9574784000.0,-12611025600.0,-11210015200.0,-468000000.0,-5053000000.0,-9706000000.0,-2190000000.0,-3454000000.0,-11697000000.0,753000000.0,-19054000000.0,-51672000000.0,-76337600000.0,-79784200000.0,-102552100000.0,-156004900000.0,-146808800000.0,-196335900000.0,-195607637836.408
NE.GDI.FTOT.CD,Gross fixed capital formation (current US$),2122913535.19176,2357162586.5069,2266260820.75859,2360608674.46715,2616976828.19316,3503820441.24674,5016463062.82316,6380367095.6778,6771593328.83269,6850850656.73803,8148692719.7185,8554657766.84818,10662595558.2423,11333640646.0999,14059097702.2868,13835680928.1054,12198130327.3553,14436431749.4577,15159840515.8458,16000301009.9029,15484937642.5541
NY.GNS.ICTR.ZS,Gross savings (% of GDP),12.8805241523836,9.77664612450452,8.53309447757645,9.47474195198718,11.9613434661777,13.8726954853692,16.0612380445199,16.661992445501,15.4048083725365,14.5142911862216,14.1251293790244,13.5666575331792,12.5350199638099,9.60853444548285,10.5377933117349,11.187343671402,11.4452461244897,9.18999931831556,8.58012322546554,7.9678569139488,
NV.SRV.TOTL.CN,"Services, value added (current LCU)",,,,,,,937662000000.0,1080572000000.0,1244627000000.0,1412280000000.0,1524641000000.0,1754138000000.0,2033829691700.0,2278024000000.0,2591962480500.0,2904324800000.0,3146712500000.0,3456498200000.0,3835434900000.0,4209862900000.0,4439201000000.0
NY.GDP.FCST.CN,Gross value added at basic prices (GVA) (current LCU),858918000000.0,906873000000.0,918913000000.0,1006061000000.0,1132851000000.0,1261528000000.0,1649996000000.0,1903472000000.0,2211447000000.0,2558792000000.0,2827470000000.0,3347996000000.0,3830037972000.0,4263911000000.0,4882769398000.0,5725580100000.0,6416026200000.0,7483554500000.0,8145120600000.0,8911452500000.0,
NY.GDY.TOTL.KN,Gross domestic income (constant LCU),1941164001023.64,2065090921306.16,2066470879484.31,2090221896247.15,2192697298871.95,2330871747719.23,2524701438717.35,2669807074404.97,2696105627552.79,2863688000000.0,3067932426037.32,3214844741366.41,3428044745504.74,3614316106281.47,3781662237027.27,4020849742375.51,4266738343260.08,4499408143279.38,4808797058294.66,5038018954857.49,5013003423817.78
NV.AGR.TOTL.CD,"Agriculture, forestry, and fishing, value added (current US$)",3649204796.81787,3616506986.10416,3399213451.32833,3846027220.47,4012413197.29506,4541368370.4789,5299317067.21701,6579126409.73534,7967410332.87893,8648373668.42486,9930508928.07561,11035684849.14,13192992893.6136,14569411852.1322,16868066956.9233,19325481648.2224,21498558683.1704,27504481635.8817,29931261697.7422,32613973919.0117,34744022590.718
NY.GDP.FCST.KN,Gross value added at basic prices (GVA) (constant LCU),1864557129800.0,1944164591800.0,1957739429500.0,2018997707000.0,2098285735900.0,2208027108000.0,2332335000000.0,2478274000000.0,2476088000000.0,2558791000000.0,2771591000000.0,2919431000000.0,3041530514000.0,3205897000000.0,3386074876700.0,3592808076000.0,3810993554900.0,3989962600000.0,4245645900000.0,4478926000000.0,
DT.ODA.ODAT.GN.ZS,Net ODA received (% of GNI),4.0866513358844,3.67963331782232,2.98031086633604,3.54786495648543,4.11144719373659,4.03898132921263,3.65612056083688,4.17853600015979,3.80163739904138,4.82052837107799,4.09324788356873,5.90730958882743,5.28750830693991,6.06795724407721,4.39260239395616,3.89833995107129,3.20979784310798,3.20208475855539,2.88537988371021,3.47407365947465,
NY.ADJ.SVNX.GN.ZS,"Adjusted net savings, excluding particulate emission damage (% of GNI)",-0.414633842405417,-3.12567747333077,-4.04667971105766,-3.35585695412264,0.0517239331048528,2.6011122570935,6.4415096413382,6.71357858807669,5.34196665755383,3.83404406373751,3.47122580285111,3.37292343248202,2.97323944372575,0.446800992022827,-0.423179400303814,0.569653965727972,1.61062982292224,-2.72458143844175,-3.04835667084029,-4.06109056016891,
NY.ADJ.DNGY.GN.ZS,Adjusted savings: energy depletion (% of GNI),0.0,0.0,0.0,0.0,0.0,0.0,0.0,0.0,0.0,0.0,0.0,0.0,0.0,0.0,0.0,0.0,0.0,0.0,0.00294848797994534,0.0127135444766229,
NY.GDP.PCAP.PP.CD,"GDP per capita, PPP (current international $)",1617.53495469232,1669.32977873722,1659.38289075818,1693.25642942631,1778.54366396138,1889.78778248823,2016.60427372883,2152.22135256665,2139.15870792918,2166.32686310901,2311.97643628459,2437.88026639724,2530.34461782022,2767.3969138176,3021.427818107,3361.97713749708,3635.27651517963,4046.23477111755,4304.77163567309,4512.9818974701,4452.20602367052
NE.CON.PRVT.CD,Households and NPISHs Final consumption expenditure (current US$),9947122106.189,10333006207.7489,10336029237.1595,11494241823.653,12155953105.6991,14128260412.0756,19687257284.2465,23922198652.3584,27038943090.9588,28229379977.2469,30861987146.8021,33062994590.748,39691563434.5839,44488202324.8172,49094989661.3142,50470041811.5983,54541504604.7265,64462367119.9071,72307656542.4436,78786206490.8324,
NV.SRV.TOTL.KD,"Services, value added (constant 2010 US$)",,,,,,,15287381419.8396,16336197111.1162,16795033413.7654,17870586401.5176,19242451396.6368,20437075827.7559,21454681394.261,22613792919.2404,24036790875.6374,25570419218.5319,27216566732.297,28824126648.2614,30753922972.0064,32799276802.8991,31341944831.1664
NE.CON.GOVT.KD.ZG,General government final consumption expenditure (annual % growth),-2.23558064980141,2.76851089398136,1.6415171773815,6.00963571749024,0.582044323932763,-0.783081381297137,-2.01720450412675,8.14636759956787,8.55011844331641,8.66377192566783,3.65003041118213,4.11649298712571,6.8594171480344,6.06039213191767,1.69515284580308,11.5202095942359,5.59749749319107,3.91268832577254,5.62325907392685,4.90363535336749,5.24301610744173
NE.CON.PRVT.ZS,Households and NPISHs final consumption expenditure (% of GDP),78.2907715662389,79.5703087860375,78.6144703406405,77.1191801954793,75.5246878945704,75.3993890056332,76.2317800735859,74.85466095924,75.3275598073021,76.2512885481938,77.1547974575108,78.8087928934561,78.7331768398849,80.7456339078922,79.8967456521865,78.8498918929009,78.8300126480801,81.6340952559676,82.375055623744,82.4959775614043,
NY.ADJ.DCO2.GN.ZS,Adjusted savings: carbon dioxide damage (% of GNI),1.53807364288706,1.41578490896197,1.23266068476776,0.961819418124296,1.05304506024039,1.06206420225276,0.9098937697844,0.794159868410331,0.765023584985058,0.922126825241686,0.872164277085422,0.955800476853788,0.775879064493814,0.790524751539729,0.801688553913681,0.93620586065962,0.943201436991312,0.913336203604194,0.920531071377333,0.939457358943607,
NY.TAX.NIND.CD,Taxes less subsidies on products (current US$),1429842009.57001,1442763842.05817,1478874044.27479,1655628790.22328,1786929514.56164,2040881964.0496,2940938242.01673,3682216834.82477,3926415931.69816,3941669252.24946,4314668598.51678,4255360834.4931,5102733614.02396,5587120266.50287,5912932825.83921,5689685623.6345,5979414685.47176,6597831563.21045,7373924992.30022,8127340915.77606,
NV.AGR.TOTL.KD,"Agriculture, forestry, and fishing, value added (constant 2010 US$)",7573148090.70311,8456030747.43865,8160377407.79445,8358709786.50786,8504840036.14767,9092218163.50598,9249518506.74172,9720310379.28595,9235921629.55633,9023699735.94742,9930508928.07561,10165230416.0746,10476916305.7219,11047314334.5115,11529734670.5359,12145742896.4254,12714387655.1133,12914585078.8918,13683495228.2085,14173641068.3972,15080933165.4889
BN.KLT.DINV.CD,"Foreign direct investment, net (BoP, current US$)",-110904550.399762,-5302622.93940566,-20202582.1022176,-79662930.6168004,-41647828.3484017,-11524455.8677477,-26717027.611716,-693021391.433523,-51818674.6334823,-70270865.4291594,-176486327.303324,-1364471522.13485,-1141795457.23412,-920208344.622054,-745815917.42728,-377729138.894115,-521398505.41499,-1009548409.96783,-1461536440.06116,-1128481937.93831,
BX.GSR.TRVL.ZS,"Travel services (% of service exports, BoP)",28.3732963595815,27.4935150050665,26.1293892645989,28.9448016646856,31.155182332251,30.7599325650603,28.2131750297579,31.1841819080773,23.0595314448318,23.8474730954726,21.2101078135682,22.3957139939451,18.7212122508762,17.1597582396912,16.1356441621949,15.6095223130621,19.7773319874996,19.7055985744359,19.5761997996303,17.9251992547327,
NY.TRF.NCTR.KN,Net secondary income (Net current transfers from abroad) (constant LCU),9928000000.0,8950000000.0,6583000000.0,42572452378.0756,68124858926.4327,101697223036.901,99460741263.2499,104942425378.152,102850445149.503,105649096283.408,105766814768.168,140176059076.574,115895757954.405,,,,,,,,
NY.GDP.PCAP.CN,GDP per capita (current LCU),30278.4402737069,31058.3088109561,30676.1315399802,32636.1529259059,35760.3325941125,38654.7162166763,49457.8626562022,55581.8908800909,62400.9599521351,70013.7436500958,75405.2682083404,86291.5072790086,96099.1573144627,104241.903765085,115688.226384191,131253.193641492,143175.206906386,162597.687436284,173023.277489334,185269.641151485,195678.921655232
NY.ADJ.NNTY.KD,Adjusted net national income (constant 2010 US$),20811868551.5513,21210108298.1928,21411389743.8906,21736057915.4284,22857907143.6513,24638927100.7829,27995432361.7333,29439618430.525,30101607501.8402,31905556728.4469,33988608578.7592,35625675736.4461,38034779523.7144,40063347046.6382,40728431743.5178,44185918017.5406,47748067936.7357,48328737614.9287,51256312604.4988,53397582264.1103,
NY.TAX.NIND.KN,Taxes less subsidies on products (constant LCU),179728168200.0,179756764600.0,178558894500.0,180943513800.0,207792325300.0,230586807400.0,255944000000.0,287322000000.0,295931000000.0,304896000000.0,332810000000.0,374594000000.0,402808781300.0,440924000000.0,456110906300.0,469093375000.0,489705023100.0,517414500000.0,546527600000.0,570383500000.0,
BM.KLT.DINV.WD.GD.ZS,"Foreign direct investment, net outflows (% of GDP)",7.870695737969e-05,7.70059624336296e-05,0.0564040873197994,0.0139240468465756,0.0274371582293576,0.05169859319019,0.0927675148427264,0.112751284475796,0.121928148999156,0.124221062254971,0.00394466945328166,0.20496198457817,0.472840064010291,0.360476491180164,0.122247241055891,0.378064879255276,0.227500712666605,0.324939982986749,0.187271980259425,0.21355850336104,
NE.GDI.TOTL.ZS,Gross capital formation (% of GDP),17.4140906154511,18.790340524259,15.1382158893462,16.4821493891933,16.962495556485,17.6496847904784,18.633585404403,20.4569783889085,19.6127114227698,19.3326228276265,20.8409019557731,21.7027588905607,21.4755978896764,20.1055617490922,22.4316579762145,21.465956547523,18.2554511784349,19.0341652695664,17.9452901335272,17.4016915185886,15.6662050901405
NY.GDP.MKTP.KD,GDP (constant 2010 US$),26198643973.2382,27188928218.7225,27337613463.7899,28139282293.5283,29575595616.5174,31322527291.2531,33349876084.3647,35634585973.7449,35717358968.4514,36898510533.1698,40000088346.8041,42443399231.1785,44380180300.2798,46989149335.0829,49506417104.2448,52337445096.8196,55414336958.716,58077381824.1786,61746972563.536,65060160105.0758,64860101745.4384
BX.TRF.PWKR.DT.GD.ZS,"Personal remittances, received (% of GDP)",4.2336474294985,0.392071439730166,0.434625745409786,0.441780787060586,2.33490812923558,2.26808285388945,2.20889712008145,2.01894124117954,1.85905984073122,1.70568535104356,1.714385464645,2.22661101001681,2.40220106478511,2.3672373930986,2.34481129250018,2.45166631206434,2.52156965645863,2.48498019361962,3.09912278097624,2.97183291018252,3.13628875365784
BX.KLT.DINV.CD.WD,"Foreign direct investment, net inflows (BoP, current US$)",110904550.399762,5302622.93940566,27618447.058206,81738242.6366213,46063931.4543862,21211685.395223,50674725.1830696,729054666.996781,95584970.6665382,116259380.95905,178064198.569626,1450460112.22249,1380167159.58831,1118819096.64435,820934459.324974,619719962.285828,678803416.953924,1266137282.66311,1625921130.62177,1332436904.48383,
NY.GDP.PCAP.CD,GDP per capita (current US$),397.482658777519,395.329471608887,389.542630201236,429.787818950371,451.668766613608,511.616394301253,685.954422921829,825.666554958746,902.06995780481,905.131653352153,951.687779975318,971.633036511422,1136.86989308435,1210.38543482726,1315.80222496925,1336.88326508851,1410.53202527561,1572.34573373101,1708.00142830255,1816.54712375218,1838.20996794042
NE.GDI.STKB.CD,Changes in inventories (current US$),89608863.7422793,82952429.3211444,-275926962.974815,95976190.3194158,113194011.150153,-196640552.928299,-204241839.202894,157313986.238369,268419508.119228,306378632.74382,187686474.861548,550394771.807032,163844960.818459,-256133966.691786,-275282010.686721,-95805089.7090504,432589129.1412,593897741.920823,592280872.167863,618851848.220414,
NY.GDP.PCAP.KD.ZG,GDP per capita growth (annual %),-2.12515428084971,0.987009103968205,-2.14371567609176,0.180879189101475,2.28319585986208,3.04499485419755,3.57619319367544,3.93308923414588,-2.50337553857366,0.503848173649317,5.49407218111624,3.28813317892154,1.81563548653156,3.14212287922861,2.69482686432066,3.11679658100297,3.34658519680737,2.36484591694742,3.895065671561,2.99806041477872,-2.52736428016522
NV.MNF.TXTL.ZS.UN,Textiles and clothing (% of value added in manufacturing),8.46622651091925,8.31253695741504,7.12899613084548,6.93757686095208,5.12369484282125,4.6906992410089,5.17518269296729,4.93215280858114,4.40176383252527,8.91051700947574,16.1122122018295,12.6581729144016,12.9806176783813,13.9252249744874,14.7292369116614,13.7575326875815,15.358404537509,16.3984307166913,17.5106115687134,,
BM.GSR.TOTL.CD,"Imports of goods, services and primary income (BoP, current US$)",3940728235.80521,4216166910.09868,4045871362.73667,4407401991.56413,5461336762.76387,6920519264.88687,8340533502.15737,10363997276.5536,12780516365.3009,11514181187.4468,13823154749.0092,16732037757.802,18577628889.1517,19229569802.9957,21643221814.6663,18561956034.4248,17281348569.4961,20729726916.6732,21815343863.4809,22551820899.1603,
NY.TTF.GNFS.KN,Terms of trade adjustment (constant LCU),-92108921876.3642,-45037816893.845,-55197298815.6849,-93663682552.8528,-102660346628.053,-100065009280.772,-63577561282.652,-95787925595.0261,-75913372447.2136,0.0,-36468573962.6785,-79181258633.5864,-16294549695.2565,-32504893718.5344,-60523545972.731,-41051708624.4937,-33960234639.9222,-7968956720.61768,16623558294.6636,-11290545142.5054,-20779576182.2224
NY.GNP.MKTP.KD,GNI (constant 2010 US$),25942846016.8015,26900050743.2339,27098911938.3799,27844158170.2301,29332821887.9948,31310709864.9228,33259194318.2303,35477354906.8333,35684136827.8463,36851389510.3517,39852460837.1238,42448620587.761,44182114584.8388,46484664914.2773,48826808748.3755,51679987385.6758,54603736485.4173,56973295800.5095,60740073137.5401,63770348402.014,
BX.GRT.EXTA.CD.WD,"Grants, excluding technical cooperation (BoP, current US$)",206330000.0,273640000.0,234860000.0,330290000.0,403660000.0,482580000.0,653420000.0,930700000.0,1096740000.0,1274700000.0,1229150000.0,1594540000.0,1868980000.0,1920750000.0,1634140000.0,1535930000.0,1476460000.0,1680280000.0,1506390000.0,1456640000.0,
NE.GDI.TOTL.CN,Gross capital formation (current LCU),168540000000.0,191703000000.0,156737000000.0,186542000000.0,216158000000.0,249871000000.0,346965000000.0,440101000000.0,486995000000.0,553626000000.0,660518000000.0,808627000000.0,915154686500.0,954027000000.0,1211903400000.0,1348960400000.0,1282073600000.0,1554299900000.0,1595715100000.0,1694987400000.0,1648384000000.0
BG.GSR.NFSV.GD.ZS,Trade in services (% of GDP),13.681380140991,15.0640867412164,13.553717707078,12.7908057921545,15.6213213974898,16.1972809630842,14.929828343275,14.4876169006281,14.4460227848719,12.7859016923803,14.653215703686,14.9530559481535,14.6426397335496,13.3199648441916,13.6273144466157,12.4340608397861,9.96920262730141,9.80115429722367,10.6616286552012,9.92077320578744,
NY.GNP.MKTP.KD.ZG,GNI growth (annual %),0.919062665740839,3.68966737809902,0.739259553984198,2.7500965114202,5.34641309197951,6.74291748840419,6.22306061316857,6.66931546019798,0.582856082579909,3.27106884534341,8.14371280607789,6.51442770685506,4.083746357538,5.211498705018,5.03853010109343,5.84346737056651,5.65741062961624,4.33955525319216,6.61147873596765,4.9889226468532,
NY.GNP.PCAP.CD,"GNI per capita, Atlas method (current US$)",410.0,400.0,380.0,400.0,450.0,510.0,580.0,700.0,820.0,900.0,960.0,990.0,1050.0,1130.0,1240.0,1290.0,1350.0,1420.0,1600.0,1750.0,1760.0
NY.EXP.CAPM.KN,Exports as a capacity to import (constant LCU),274971224823.636,335284320606.155,352184779384.315,343099062747.147,389112398571.947,437835130019.229,493366438717.348,495450074404.974,529347627552.786,573672000000.0,587367426037.322,602107741366.414,711207450304.744,679263106281.466,692794554027.269,759001291375.506,748498865360.078,726155243279.382,779220558294.664,749644154857.495,739391423817.778
NY.GNP.MKTP.PP.CD,"GNI, PPP (current international $)",51242963036.2839,54291635345.1927,55555143737.7951,58149160259.5972,62892402119.4264,69193318827.1597,75717180968.6674,82927905495.6716,85046293991.2077,88499791982.9027,96815313091.2056,105284725887.097,111702555544.44,124600115565.074,139107161405.764,158922253444.33,175712039306.777,199324373582.831,217580714986.705,232482816529.562,234950321629.793
NE.GDI.FPRV.CN,"Gross fixed capital formation, private sector (current LCU)",,,,,,,,,,,,,,,,,,,,,
DT.DOD.DECT.CD,"External debt stocks, total (DOD, current US$)",6147150097.6,5495276586.0,6095869527.9,6715084650.7,6916593410.5,6489733475.8,6691670449.8,7549036617.4,7669044524.4,8558933886.8,8856240083.6,10155961500.5,11873346634.9,13798577600.5,16911889739.7,19776929996.7,21061327084.5,26197804743.9,30688081446.2,34217072395.4,
NY.GNP.PCAP.KD,GNI per capita (constant 2010 US$),811.612875373231,818.910885988182,802.889187966154,802.91628965361,823.140230378932,854.90233228295,883.400883571831,916.58697363648,896.766967634644,900.972360930238,948.175405309222,983.101467190811,996.361258629514,1021.19242554858,1045.54053274779,1079.40226133734,1113.19127807483,1134.44834175049,1181.88432953519,1212.96436318024,
NE.EXP.GNFS.KD.ZG,Exports of goods and services (annual % growth),1.13498348219356,3.60738408738355,7.11500542089796,7.21206667456194,12.5949386690972,9.37981914415376,3.54040821123095,6.15753109827919,2.37180289494248,-5.21907078103496,8.74436960493104,9.20963201867157,6.78317131202763,-2.16274319520771,5.83759033842487,6.20387323761369,-2.19909181016757,-6.17730690332569,3.87847178992328,-0.217978827611446,-0.100363408318742
NY.ADJ.NNAT.CD,Adjusted savings: net national savings (current US$),-296691958.876184,-677976907.858586,-885587026.605283,-893250538.712488,-524952524.729872,-112419282.853165,623635826.735452,1102507630.77195,909182343.479027,631046055.274753,540143507.20023,538299116.576057,227549995.972865,-1234025549.54145,-1827590764.01589,-1148587277.71282,-562611394.771153,-4215582551.85936,-5480852083.27509,-7014963231.6753,
BM.GSR.NFSV.CD,"Service imports (BoP, current US$)",741066184.261805,833233201.374068,725738409.258437,706112173.679404,955234905.244009,1152258436.13396,1418941264.33702,1690347511.76034,1923539530.90554,1840467566.6067,2089118881.16201,2139078987.37028,2388622737.48965,2206846421.7982,3349522135.97202,3320611633.88686,2732441318.64626,3091972148.93152,3881144035.4099,3854789279.83509,
NE.EXP.GNFS.CN,Exports of goods and services (current LCU),208932485800.0,233952757700.0,257786886000.0,272610240000.0,339102242000.0,403609468000.0,427989000000.0,471554000000.0,563010000000.0,573672000000.0,654689000000.0,805766000000.0,947189777600.0,945478000000.0,988521400000.0,1041509900000.0,1006194100000.0,1080501300000.0,1171459100000.0,1171940400000.0,1184818000000.0
NE.EXP.GNFS.KN,Exports of goods and services (constant LCU),367080146700.0,380322137500.0,407382078200.0,436762745300.0,491772745200.0,537900139300.0,556944000000.0,591238000000.0,605261000000.0,573672000000.0,623836000000.0,681289000000.0,727502000000.0,711768000000.0,753318100000.0,800053000000.0,782459100000.0,734124200000.0,762597000000.0,760934700000.0,760171000000.0
NY.GDS.TOTL.ZS,Gross domestic savings (% of GDP),6.65493617814315,4.45677946248901,4.30752975014801,4.74950122903527,6.6152461413026,7.22039944198202,9.42122112241352,10.5157275737223,8.99846076893895,8.53423976354966,8.67617339284109,7.17957292672571,7.40888839869588,5.11478180603529,6.21284588628213,7.06247997254186,8.23102146158222,5.46157382272217,4.52946667590483,4.45114964949961,
NY.GDP.PCAP.KD,GDP per capita (constant 2010 US$),819.615425085923,827.705103949049,809.961459883881,811.426511604554,829.952968123332,855.224993294947,885.809491295772,920.649169032969,897.601862939316,902.124413532378,951.687779975318,982.980541628428,1000.82788516793,1032.2751271295,1060.09315456908,1093.13410176614,1129.7167657971,1156.43282660612,1201.47664464992,1237.49764032598,1206.22156699649
NY.GNP.PCAP.PP.KD,"GNI per capita, PPP (constant 2017 international $)",2839.47462934175,2865.0071419652,2808.9543039276,2809.0491207501,2879.803748156,2990.92530039795,3090.62913188357,3206.73258914118,3137.39115074947,3152.10396264732,3317.24654602512,3439.4373954125,3485.82754337959,3572.70081833991,3657.88408090567,3776.35129865583,3894.56412978224,3968.93319763812,4134.89074700604,4243.6260439586,
BM.TRF.PWKR.CD.DT,"Personal remittances, paid (current US$)",,5091442.62781064,5714347.99765542,6584529.53810806,34022964.8200533,56408976.7048306,25399012.3629819,16364743.7484526,64494922.3596873,60804774.7815689,19103834.6655448,25857075.8346313,14509050.0414054,16198281.5342339,170952600.301402,35050613.2495862,17907932.4494068,20214268.4525953,10730012.9361666,2563928.55203916,
BM.GSR.TRVL.ZS,"Travel services (% of service imports, BoP)",17.7469346143573,17.1713869109324,17.3033653718323,18.0016684374931,11.2540650393066,10.7500804637284,12.5311061771524,15.6497981870936,13.8090648413583,12.3178776314135,10.1417252310043,9.2151674347758,7.28577068983314,10.5651202348383,6.14227529144813,6.54924088157922,5.28825455311403,8.47250295601146,5.8906522959792,5.08609959122877,
NV.IND.MANF.KD.ZG,"Manufacturing, value added (annual % growth)",0.680072470712759,0.293511585098045,0.0811810216388835,5.97248091102462,4.46221014571644,4.66239686777942,8.20821635535106,4.37578906921851,1.14238299339404,-1.05292957071093,4.50352083892891,7.24442532364131,-0.557554064966524,5.60010907170401,2.51867292770534,3.59847045435855,3.07536400661752,0.713232191615916,4.33002855997347,3.16505568736578,
NY.GDS.TOTL.CN,Gross domestic savings (current LCU),64408930000.0,45469000000.0,44599000000.0,53754000000.0,84300000000.0,102221000000.0,175427000000.0,226230000000.0,223437000000.0,244394000000.0,274977000000.0,267505000000.0,315720147800.0,242701000000.0,335658160500.0,443819300000.0,578061600000.0,445983500000.0,402765200000.001,433558000000.0,
DT.ODA.ODAT.CD,Net official development assistance received (current US$),513919982.910156,472410003.662109,388220001.220703,522900024.414063,655929992.675781,756570007.324219,941650024.414063,1329359985.35156,1363400024.41406,1782479980.46875,1631260009.76563,2478820068.35938,2653659912.10938,3306840087.89063,2661030029.29688,2463560058.59375,2188389892.57813,2480219970.70313,2490929931.64063,3250969970.70313,
NY.ADJ.NNAT.GN.ZS,Adjusted savings: net national savings (% of GNI),-2.35927115203163,-5.2808077717637,-6.79852823210592,-6.06068490276796,-3.29046484943949,-0.600155147689332,2.42137493703278,3.46547803186292,2.53511921491288,1.70659723881498,1.35535797753986,1.2828278960593,0.45328684456746,-2.26426706337881,-3.01582634326054,-1.8173849330899,-0.8249433940926,-5.43946135723788,-6.35092941283324,-7.49461883725993,
NE.CON.PRVT.PP.CD,"Households and NPISHs Final consumption expenditure, PPP (current international $)",55870445497.0195,58208283145.5685,58148352200.1615,58069425967.1399,58899187592.3292,61227958213.7601,64073681185.8183,68117704652.2306,65078212105.212,69304674728.8805,75877583997.3291,82432387923.7733,92492520340.0727,102682799073.272,112571259489.177,126043400289.883,138591666960.043,160109183901.757,172155276248.928,182710555687.548,
NV.MNF.FBTO.ZS.UN,"Food, beverages and tobacco (% of value added in manufacturing)",28.5566277298121,28.5817372741213,29.5060409437048,30.5891528136566,29.9583667567462,29.0273677078416,29.4030781559924,30.2884441386871,28.5248092891724,35.1478789161088,36.319267094083,37.9018848272775,38.9139510117146,39.7281554164619,38.6116677013669,39.2479948167986,39.9356106445659,41.6711554924153,40.9293210046682,,
NV.IND.TOTL.KD.ZG,"Industry (including construction), value added (annual % growth)",-1.83203374797036,5.49735569563951,2.3464710018537,6.11921904531849,4.07276628568478,4.38804177356901,5.88987442516009,6.13439489923866,-0.047488055595764,3.69597840005098,8.68124622846031,7.24559446263839,4.1776503938115,5.33199118876273,6.08517382079559,7.26546105925343,5.94326733122452,3.9016458716746,5.47342411587812,4.60737769461592,3.56099788610598
BX.PEF.TOTL.CD.WD,"Portfolio equity, net inflows (BoP, current US$)",-5988208.15736459,2378862.0103854,2951028.99005143,642255.01114706,3220885.63395804,3145427.84933187,1805249.55040749,454270.859123545,5021985.03812748,2636817.09957876,22105847.7071939,20122581.4926718,257115816.86975,296818516.081589,954335124.68367,10807995.5863006,56736587.1680143,-126162743.295045,-292888834.932053,13509327.846383,
NY.ADJ.DPEM.CD,Adjusted savings: particulate emission damage (current US$),187393705.410035,184286124.941793,188288998.126755,212026037.787027,221621508.253358,251773071.943979,342259147.453096,417193925.612446,477075888.824818,490771313.377263,513904836.333419,526099775.639472,614769489.899198,655212988.939249,716405854.447616,716163519.378616,736298895.373972,814537157.092311,907026537.510535,905484047.322976,
NE.GDI.FTOT.CN,Gross fixed capital formation (current LCU),161714000000.0,185186000000.0,178466000000.0,179254000000.0,207196000000.0,264728000000.0,361691000000.0,429511000000.0,468427000000.0,529927000000.0,645647000000.0,759746000000.0,901304937500.0,976086000000.0,1236106800000.0,1358366400000.0,1238163900000.0,1492884400000.0,1535716100000.0,1631870700000.0,1648384000000.0
NE.GDI.TOTL.KN,Gross capital formation (constant LCU),256521638700.0,287615761700.0,229016280100.0,251930660800.0,271146753800.0,307047900700.0,403688000000.0,436623000000.0,498345000000.0,553626000000.0,616584000000.0,657073000000.0,718838346700.0,716598000000.0,794356200000.0,834133000000.0,797035100000.0,886834700000.0,890521500000.0,912375100000.0,
NE.CON.PRVT.PC.KD.ZG,Households and NPISHs Final consumption expenditure per capita growth (annual %),-3.08125447997611,1.34493125718282,-1.85518984415013,-0.529407125581386,-0.329105608232084,3.5896332645876,6.93465768620068,2.42062078068521,-4.20687495159503,1.75118492274002,4.60178347208647,3.45375451797693,2.97750710438105,5.53283695836804,1.63375033393731,2.57386458597996,2.23398859450216,4.90487312941157,4.06667082961421,2.65237710447875,
NE.TRD.GNFS.ZS,Trade (% of GDP),53.3090443862273,55.9468360286644,55.1726722640053,54.132265895729,59.4770033484289,64.4788661639796,55.2364851257303,53.8947888046059,57.5785986473131,50.8636415698917,54.2268646261755,60.4486733202395,57.7650763156861,53.1330069608796,51.2983055115632,44.178593472003,37.7002094742602,37.3948372404257,36.1493883302782,33.4014430678127,31.416862527811
NV.IND.TOTL.ZS,"Industry (including construction), value added (% of GDP)",15.0158560285564,15.3096240912508,15.4535611803669,15.6231500412624,16.2050773387406,17.0126260396617,19.3841059353688,19.3021680815154,18.5827717274425,18.7491444598713,18.5494748898428,18.9069378338439,18.5992666862118,18.0241470657037,17.4417720495276,17.3007958438651,17.8916745269529,16.789435387326,16.4050743001867,16.1464175862083,16.1761695357592
NV.SRV.TOTL.CD,"Services, value added (current US$)",5718492166.1164,5938627676.35187,6237861766.03923,7074306483.79217,7687732557.99267,8967838939.25015,13004876506.2246,16051849739.147,17992361435.3678,18257834315.8548,19242451396.6368,19751404108.5093,24060562118.4815,26450852404.8441,29480182257.3679,29581873179.9663,31710032037.8592,34005844042.9794,,,
NY.GDP.MKTP.KD.ZG,GDP growth (annual %),0.599695391613636,3.77990649628987,0.546859529994521,2.93247554619272,5.10429977568934,5.90666608168013,6.47249429862482,6.85072977063138,0.232282745665941,3.30693981534758,8.40569922421717,6.10826371979651,4.56320913071117,5.87868056675418,5.35712564449969,5.71850713133514,5.87894929950137,4.80569652479387,6.31845070162866,5.36574896547464,-0.307497490498449
NV.IND.TOTL.CD,"Industry (including construction), value added (current US$)",1907818130.50128,1988108921.36385,2031794649.0817,2328555155.36212,2608261823.98723,3187808471.01613,5006047089.63007,6168624549.89483,6670314404.1298,6941216775.26114,7419806343.80538,7932109608.29088,9376402720.46715,9930715291.75167,10717628252.0228,11073850181.0478,12379026919.0301,13257778435.3487,14400141754.918,15420327483.0866,15989001491.769
NE.IMP.GNFS.CD,Imports of goods and services (current US$),4030326454.04362,4287364071.68251,3980439979.63151,4478129486.20869,5290013363.00645,6739991079.23991,8329130883.42986,10218887779.7188,12529038544.1046,11414106939.7042,13427982209.4778,16287456030.1225,17915545050.4912,18296306789.4834,20278669096.0872,17669394011.9273,16171493058.429,19080213981.3114,20167347801.0219,20408671438.3763,19923156988.9564
NE.RSB.GNFS.KN,External balance on goods and services (constant LCU),,,,,,,,,,-309232000000.0,-330701000000.0,-399608000000.0,-409596625000.0,-420290000000.0,-496239800000.0,-464151000000.0,-438621600000.0,-591907000000.0,-596337000000.0,-570506400000.0,-563347000000.0
NY.GNP.PCAP.KN,GNI per capita (constant LCU),62993.6285123846,63560.0662606106,62316.5363414072,62318.6398487362,63888.3283637461,66353.5554551646,68565.480878609,71141.2313290312,69602.8943544992,69929.2974846729,73592.978942284,76303.7779381201,77332.9414733304,79260.2215250535,81150.008720928,83778.1991011954,86400.7459246198,88050.6206531754,91732.3820979439,94144.6702133693,
NY.GDP.MKTP.KN,GDP (constant LCU),2033272922900.0,2110128738200.0,2121668178300.0,2183885578800.0,2295357645500.0,2430936757000.0,2588279000000.0,2765595000000.0,2772019000000.0,2863688000000.0,3104401000000.0,3294026000000.0,3444339295200.0,3646821000000.0,3842185783000.0,4061901451000.0,4300698577900.0,4507377100000.0,4792173500000.0,5049309500000.0,5033783000000.0
NY.ADJ.SVNG.CD,"Adjusted net savings, including particulate emission damage (current US$)",-239536303.268567,-585576465.344447,-715415889.505332,-706627073.842054,-213369601.451504,235459563.965022,1316780156.68832,1718664837.61937,1438740036.48997,926937755.372403,869464067.311657,889243396.707492,877796710.851127,-411706448.286808,-972852571.031727,-356142213.038538,362150643.858993,-2926087771.88467,-3537758344.4457,-4706664811.64108,
FI.RES.TOTL.CD,"Total reserves (includes gold, current US$)",897865882.028211,1064987676.82776,1068140537.34882,1482117158.64118,1519538696.93683,1799087912.82814,2416073242.93318,3355419015.79063,2878951355.48374,3849500808.92698,4320858499.01272,4265145709.81446,5711831324.95431,6598881868.91412,7874414432.36248,7514864907.05536,7553884912.6237,7325420063.33911,8164380806.22987,9115806005.21186,8297263558.90541
BX.GSR.TRAN.ZS,"Transport services (% of service exports, BoP)",41.4879537156856,41.2463954400503,43.6585489088718,40.7754160013359,38.4875447564303,39.1799395306854,40.7445814088807,38.4713607287256,39.4515878680099,37.4908990307537,43.7381100703137,42.1661509593665,42.648609271269,44.2268206680416,42.4257138097392,42.0779168473883,37.2283364501129,34.9202708131704,35.761690245712,39.1472761518987,
NE.CON.TOTL.KN,Final consumption expenditure (constant LCU),1880621701100.0,1954240115900.0,1973328376400.0,2029436354600.0,2072077696200.0,2180398211800.0,2354919000000.0,2489367000000.0,2488746000000.0,2619294000000.0,2798722000000.0,2964674000000.0,3140519615200.0,3390796000000.0,3521820200000.0,3738069500000.0,3920407800000.0,4188469000000.0,4454695900000.0,4677210700000.0,
DT.DOD.DSTC.XP.ZS,"Short-term debt (% of exports of goods, services and primary income)",26.8287108550377,17.3204059700545,20.2509475174156,18.8532609572122,15.3016936591083,9.05150159249211,9.75569986201434,13.3898986285465,11.2244395606864,12.693878120395,11.4093074463368,12.6202899458408,13.6489057256238,21.3910007544245,17.0144139248862,25.2449989134448,21.3159791553091,25.0900761768475,21.646608539016,22.2992937435686,
NV.AGR.EMPL.KD,"Agriculture, forestry, and fishing, value added per worker (constant 2010 US$)",1287.70084340777,1340.42139876141,1208.68682345007,1165.87323643361,1126.47332411345,1148.22936647968,1110.48374059383,1116.19362169307,1010.91920189899,948.761334474051,1009.23892072952,998.548007845042,993.623691707955,1013.67621030949,1024.17074971983,1046.30502207005,1063.42272459725,1060.69336134311,1106.62399445345,1128.34467152563,
NV.IND.TOTL.KN,"Industry (including construction), value added (constant LCU)",370291546100.0,390647789500.0,399814226600.0,424279734900.0,441559656900.0,460935479100.0,488084000000.0,518025000000.0,517779000000.0,536916000000.0,583527000000.0,625807000000.0,651951028600.0,686713000000.0,728500679700.0,781429612900.0,827872063800.0,860172700000.0,907253600000.0,949054200000.0,982850000000.0
NE.DAB.TOTL.CD,Gross national expenditure (current US$),14072346095.5294,14847364729.7523,14571734788.0801,16653212265.6728,17760761767.1502,20692126568.9089,28204666245.0347,35135239521.3139,39705154874.6446,41019236735.9603,44865990519.1258,48046408770.1045,57504170633.7188,63356157305.4321,71414190045.29,73227091471.1469,76124533517.7588,89682602124.1475,99554802688.2103,107871256005.491,
NV.MNF.OTHR.ZS.UN,Other manufacturing (% of value added in manufacturing),55.4647028948705,54.469466911212,54.8408426035037,53.2427517799063,55.3403001502968,58.7216863825844,56.122799265069,56.3654593776262,59.2026256914918,44.1970560232133,36.9502995371681,38.7200442198935,35.4319488817891,34.2932376389868,33.4618344306113,32.1453467368389,30.4044886134438,30.04771634487,28.9635623536648,,
NV.MNF.TECH.ZS.UN,Medium and high-tech Industry (including construction) (% manufacturing value added),9.5033602722194,10.7818978612305,10.5445576808025,11.274390056705,11.7844735614029,9.64488173478911,9.35892788848623,8.4739316774047,7.93078918911855,12.6229805498043,10.7886644034347,10.7854512895946,13.0523961661342,12.4706630110163,13.3703099268027,14.862524741476,14.5528500006112,11.9713549336137,12.3854342256819,,
BM.GSR.FCTY.CD,"Primary income payments (BoP, current US$)",178084730.38973,167711521.915574,178553641.378313,148206434.512007,171533979.073921,181720492.765863,169501365.649543,304801039.861352,221420534.627941,212353626.873229,291854665.244868,404233490.344737,662168579.20265,933357626.659442,1364622138.81543,892681590.281068,1109818285.80436,1649429564.79294,1647990414.38605,2143408908.81655,
NV.MNF.MTRN.ZS.UN,Machinery and transport equipment (% of value added in manufacturing),2.35449466734383,2.4304198362348,2.51201008334164,2.62546051500781,2.94014505351946,2.1312427205257,4.08198057515456,3.27453551536264,2.79068721985421,5.24792576584201,5.28121732353658,4.91512338629366,4.93652822151225,5.21127566801484,5.30485243439567,5.7529125826624,4.49762856479274,3.89589383075118,3.74458541623751,,
NV.IND.TOTL.KD,"Industry (including construction), value added (constant 2010 US$)",4708422340.0293,4967261063.71367,5083816404.16008,5394906265.79247,5614628189.32996,5861000419.70834,6206205984.48727,6586919167.8359,6583791167.99943,6827126667.47315,7419806343.80538,7957415421.39063,8289848418.07957,8731862405.29336,9263211410.44817,9936226428.3106,10526762927.5809,10937479938.7658,11536134603.4036,12067647895.9416,12497376582.4188
NE.DAB.TOTL.ZS,Gross national expenditure (% of GDP),110.759154437308,114.33356106177,110.830686139198,111.732648160158,110.347249415182,110.429285348496,109.21236428199,109.941250815186,110.614250653831,110.798383064077,112.164728562932,114.523185963835,114.066709490981,114.990779943057,116.218812089932,114.403476574981,110.024429716853,113.572591446844,113.415823457622,112.950541869089,
NE.CON.PRVT.CN.AD,Households and NPISHs final consumption expenditure: linked series (current LCU),868401036928.179,930363947663.257,932839438492.758,1000305732081.2,1103006511809.53,1223360062485.45,1419467000000.0,1610385000000.0,1870427000000.0,2183599000000.0,2445294000000.0,2936350999999.99,3355111980500.0,3831453000000.0,4316539500000.01,4955073000000.0,5536202700000.0,6666111400000.0,7324881300000.01,8035405200000.01,
NY.ADJ.DPEM.GN.ZS,Adjusted savings: particulate emission damage (% of GNI),1.49014002577236,1.43541703196744,1.44546840807576,1.43859191852461,1.38914996772839,1.3441013084392,1.32888087259407,1.31135272344943,1.3302548838591,1.3272390522029,1.28951845266302,1.25375548188458,1.22464041812589,1.20222566777844,1.18218787862643,1.13317012559908,1.07961714864219,1.05101568657072,1.05101568657072,0.967397486456171,
NY.GNP.MKTP.CD,GNI (current US$),12575576937.4668,12838507613.6252,13026157962.4402,14738442156.8305,15953749659.6096,18731703507.8176,25755442380.6671,31814012977.2897,35863494628.8632,36976859034.0263,39852460837.1238,41961912289.9467,50187342658.6663,54496759862.9401,60579806470.9482,63195105853.1145,68178433644.2558,77456412235.0739,86329358075.292,93578038042.9454,97005399322.162
NY.GNP.MKTP.CN,GNI (current LCU),957950861000.0,1008632957500.0,1025798216000.0,1119170974400.0,1263118984800.0,1415257000000.0,1856988000000.0,2141643000000.0,2480868000000.0,2860234000000.0,3157638000000.0,3726671000000.0,4242316000000.0,4693419000000.0,5326309860500.0,6204400700000.0,6920411000000.0,8009837300000.0,8745302100000.0,9544024100000.0,10326302362163.6
NY.GDP.DEFL.KD.ZG,"Inflation, GDP deflator (annual %)",6.07984848838849,1.57312029865415,0.933205556077326,6.19731323851092,7.12684155567365,4.89964971872791,23.5301332527861,8.12948559548259,15.1511749632827,11.6373036795758,2.09167565659205,10.7939224157997,9.37978065243324,5.16874442189687,8.06828554254704,10.0249813633469,5.55086793901192,10.9419277626423,2.42247069712491,3.96105533785823,8.35702587671858
NE.CON.TOTL.KD.ZG,Final consumption expenditure (annual % growth),-0.70110252046112,3.91457860753918,0.976761266166577,2.84331684837773,2.10114209806814,5.22762808550326,8.00407867037858,5.70924095478442,-0.0249461007557272,5.24553329267027,6.85024285169973,5.92956356508434,5.93136429840177,7.96926672862259,3.86411332324327,6.14027087470281,4.87787345847903,6.8375846002551,6.35618647290931,4.99506150352485,
NY.GDP.MKTP.PP.CD,"GDP, PPP (current international $)",51703788258.7551,54835094420.6045,56007069845.6159,58720068892.9168,63378878336.422,69213282885.4898,75923212949.1835,83303737625.8356,85121369079.3788,88606663756.8586,97173951008.9238,105263452370.172,112204258119.628,125971868773.42,141100869455.549,160965881099.335,178315878677.906,203206547190.571,221233277620.344,237265361349.19,239400905760.595
NE.CON.GOVT.ZS,General government final consumption expenditure (% of GDP),15.0542922556179,15.9729117514735,17.0779999092115,18.1313185754854,17.860065964127,17.3802115523848,14.3469988040006,14.6296114670377,15.6739794237589,15.2144716882565,14.1690291496481,14.0116341798182,13.8579347614192,14.1395842860726,13.8904084615313,14.0876281345573,12.9389658903377,12.9043309213102,13.0954777003512,13.0528727890961,13.2892317079314
NE.CON.PRVT.KN,Households and NPISHs Final consumption expenditure (constant LCU),1564842900000.0,1629748316900.0,1643492284800.0,1679693165700.0,1720340860600.0,1831585492800.0,2013368000000.0,2119992000000.0,2087789000000.0,2183599000000.0,2347124000000.0,2494486000000.0,2638079459000.0,2857906000000.0,2979896900000.0,3133715500000.0,3282225100000.0,3525316200000.0,3754252300000.0,3942419900000.0,
BX.TRF.PWKR.CD.DT,"Personal remittances, received (current US$)",537900024.4,50914426.2781064,57143479.9765542,65845295.3810806,375811334.23186,424991045.929029,570459274.012713,645217182.470908,667312380.28695,631470507.751479,685755700.462768,934139771.426426,1211015734.05891,1304270348.7247,1440840740.42481,1569256448.01188,1744642660.94757,1962264725.59694,2720366061.45975,2838192215.41577,3100000000.0
BM.GSR.MRCH.CD,"Goods imports (BoP, current US$)",3021577321.15368,3215222186.80904,3141579312.09992,3553083383.37271,4334567878.44594,5586540335.98705,6752090872.17081,8368848724.93191,10635556299.7675,9461359993.96688,11442181202.6023,14188725280.0871,15526837454.1583,16089365754.5381,16929077539.8789,14348662810.2569,13439088965.0456,15988325202.9488,16286209413.685,16553622710.5087,
NV.FSM.TOTL.CN,Financial intermediary services indirectly Measured (FISIM) (current LCU),,,,,,,30692000000.0,35248000000.0,45749000000.0,59373000000.0,71891000000.0,90687000000.0,111573703100.0,124136000000.0,134588093800.0,163306100000.0,199410100000.0,188205600000.0,181156500000.0,197428800000.0,
NE.IMP.GNFS.KN,Imports of goods and services (constant LCU),404051585700.0,482718620400.0,428239221800.0,427975463200.0,480598783200.0,552416468800.0,692272000000.0,722771000000.0,814880000000.0,882904000000.0,954537000000.0,1080897000000.0,1137098625000.0,1132058000000.0,1249557900000.0,1264204000000.0,1221080700000.0,1326031200000.0,1358934000000.0,1331441100000.0,1323518000000.0
NY.ADJ.AEDU.GN.ZS,Adjusted savings: education expenditure (% of GNI),5.13,5.11,5.8,6.09,6.34,6.48999999999997,6.64,6.20000000000012,5.76000000000008,5.32000000000004,4.88,5.03284655163066,5.22373550767111,5.21604744049191,5.03626019065919,4.94026856634659,4.94026856634659,4.94026856634659,4.94026856634659,4.94026856634659,
NV.IND.MANF.CD,"Manufacturing, value added (current US$)",1310631370.97886,1270023713.42271,1291583014.917,1447083379.97379,1609661276.83653,1974240974.34818,3277092625.87932,4087593734.77367,4341795409.63321,4428224221.73958,4502115274.91001,4929738275.07465,5549580804.8305,5882430805.27943,6119036802.99174,5998213458.14002,6447564834.62786,6373995391.20151,6817191436.26557,7202756152.56398,
NE.CON.PRVT.PC.KD,Households and NPISHs Final consumption expenditure per capita (constant 2010 US$),643.709480852867,652.366930866306,640.264285818281,636.874681066606,634.778690773805,657.564917814336,703.164793929307,720.185747053622,689.888433255865,701.969655482769,734.272779067838,759.632758349168,782.25087769622,825.531543364555,839.018667711031,860.613872069007,879.839887813732,922.994918052952,960.530083144233,986.006963151182,
BX.GSR.CCIS.ZS,"ICT service exports (% of service exports, BoP)",1.98203620134755,3.84599499860907,1.31107557508976,1.13780065508704,7.18481415342182,9.43179186648062,11.5347520481914,11.1701561839059,13.3554441946223,13.0145730781621,9.46864811027114,9.35407371821061,9.36463418350916,10.0384607001215,15.0414446508809,11.8648015229062,10.8366490624865,10.1793403033882,,,
NE.GDI.FTOT.KD,Gross fixed capital formation (constant 2010 US$),3208927852.20911,3606248904.13972,3385514986.55026,3116291658.60619,3344873460.63133,4274701702.358,5631798341.82087,5755576055.12551,6495371306.64731,7142889282.19355,8148692719.7185,8518866665.1051,9571574516.65366,9774206943.14062,11162376087.098,11897607347.1437,10799426888.9978,11697715034.1157,11849473816.2485,12134504923.6049,11729350261.5061
NY.ADJ.DKAP.GN.ZS,Adjusted savings: consumption of fixed capital (% of GNI),15.4004223311459,15.172923258887,15.396612204888,15.6275033288953,15.3879343542982,14.4803663035491,13.6917243396525,13.2567129216836,12.8844601016223,12.815999164147,12.8219346697297,12.2770879644864,12.1363545896955,11.9706890817274,13.7088956501912,13.1464988571405,12.4378466198991,14.8072032927218,15.0763060061125,15.6249607176018,
NV.IND.MANF.KD,"Manufacturing, value added (constant 2010 US$)",3277338566.44416,3286957934.81956,3289626320.85189,3486098624.90881,3641655671.43917,3811444111.39966,4124295690.32664,4304766170.3262,4353943086.96139,4308099132.70684,4502115274.91001,4828267653.98512,4801347451.41286,5070228145.60346,5197930609.27967,5384976606.49266,5550584238.81351,5590172792.42748,5832228870.89146,6016822162.4698,
NY.ADJ.SVNX.CD,"Adjusted net savings, excluding particulate emission damage (current US$)",-52142597.8585325,-401290340.402654,-527126891.378577,-494601036.055027,8251906.80185407,487232635.909001,1659039304.14142,2135858763.23181,1915815925.31479,1417709068.74967,1383368903.64508,1415343172.34696,1492566200.75032,243506540.652441,-256446716.584111,360021306.340079,1098449539.23296,-2111550614.79236,-2630731806.93517,-3801180764.3181,
BX.GSR.FCTY.CD,"Primary income receipts (BoP, current US$)",44975065.8156352,46055624.392567,35382760.2565403,59603819.831908,45015226.9557879,73266828.7693668,99421733.4407309,160612973.508294,176218766.187614,181862940.498379,144227830.251153,273940135.492709,346498757.837454,333387467.585246,496384656.942193,80042812.6649408,99494856.4837237,140830465.478803,198764927.617087,218382966.219886,
NY.GNP.PCAP.KD.ZG,GNI per capita growth (annual %),-1.81443740878302,0.89919847705653,-1.95646416431437,0.00337552029124311,2.51881061399908,3.85865017062719,3.33354468840641,3.75662857959446,-2.16237046476907,0.468950513050871,5.23912235556791,3.68350219653706,1.34877140165315,2.49218510896524,2.38428200112601,3.23868157464489,3.13034518712516,1.90956074614799,4.18141452888865,2.62970181331359,
BX.GSR.GNFS.CD,"Exports of goods and services (BoP, current US$)",2775598198.35933,3011496359.75606,3215667151.52567,3609867575.96581,4282488705.30231,5342241044.60482,5945776632.04311,7062903639.51473,8290489645.95054,7385228127.25569,8983045680.41534,9967709460.09345,11205368271.6195,10978182141.8895,11243098979.2146,10608257289.2732,9912835866.63221,10448666379.6991,11564075514.1575,11490592368.7189,
NE.CON.GOVT.KN,General government final consumption expenditure (constant LCU),315444527200.0,324177643300.0,329499075000.0,349300769100.0,351333854400.0,348582624400.0,341551000000.0,369375000000.0,400957000000.0,435695000000.0,451598000000.0,470188000000.0,502440156300.0,532890000000.0,541923300000.0,604354000000.0,638182700000.0,663152800000.0,700443600000.0,734790800000.0,773316000000.0
FI.RES.XGLD.CD,Total reserves minus gold (current US$),897735792.728211,1064856615.82776,1067969162.34882,1481908533.64118,1519319696.93683,1798831412.82814,2415755392.93318,3355002140.79063,2878516480.48374,3848957058.92698,4320155749.01272,4264380209.81446,5710999324.95431,6598159168.91412,7873690832.36248,7514228907.05536,7553197372.6237,7324642163.33911,8163611816.22987,9114892205.21186,8296128898.90541
NE.DAB.TOTL.KD,Gross national expenditure (constant 2010 US$),28014579873.0583,29395866408.774,28852730571.5224,29894874275.4352,30711246279.3289,32610465450.1812,36194953686.287,38395092148.9558,39221484511.783,41672843056.4928,44865990519.1258,47579459060.1462,50709723361.9845,53946102517.5238,56707574247.1654,60067906447.2651,61946257562.601,66659173009.9892,70183878827.7538,73383663465.4119,
PA.NUS.PRVT.PP,"PPP conversion factor, private consumption (LCU per international $)",15.5431199662531,15.9833600543858,16.0424053854817,17.2260310037721,18.727024206921,19.9804157802296,22.1536670553303,23.6412105813267,28.7412167527909,31.5072397142361,32.2268299961432,35.6213264465332,36.2744140625,37.3134841918945,38.3449516296387,39.3124351501465,39.9461441040039,41.6347846984863,42.5481080777831,43.9788777925962,45.7909841960852
BM.GSR.CMCP.ZS,"Communications, computer, etc. (% of service imports, BoP)",27.4389376486914,34.8490295837496,36.565955709856,36.2900074842831,41.0392088288125,45.5513149530668,33.4037554670093,33.9343792582446,35.5178655471968,34.9423460316033,36.4901637334163,31.1980045578009,28.9553992391639,28.2198749611243,40.0562230033608,42.3913114425535,50.3391963687195,47.4798425807111,22.4283441654975,22.1154844822744,
NE.RSB.GNFS.CD,External balance on goods and services (current US$),-1287548450.61732,-1309467862.13884,-706918301.288523,-888105847.726031,-1007002543.77079,-1397998149.67024,-2393149590.5732,-3213973760.20536,-4390150819.72901,-3997724687.14448,-5165170660.78361,-7214618041.94985,-6710123782.67494,-7318065230.03754,-9035531412.99922,-7061064285.96892,-6258680411.88362,-8631592994.54893,-8603274775.52181,-8917933130.69909,-8792963509.90317
NV.SRV.TOTL.ZS,"Services, value added (% of GDP)",,,,,,,50.3566785049309,50.2276478618764,50.1247655109144,49.3168250172505,48.1060222412588,47.0793506459348,47.7271321224161,48.0080251375633,47.9757840845703,46.2164122510144,44.8060520209767,42.3287410574748,43.1330079340329,43.220814220419,42.1900681530255
NV.FSM.TOTL.KN,Financial intermediary services indirectly Measured (FISIM) (constant LCU),,,,,,,49597000000.0,51383000000.0,53675000000.0,59373000000.0,68827000000.0,75076000000.0,82647765600.0,86932000000.0,96762820300.0,109825984400.0,110331297400.0,105546900000.0,106455700000.0,112953800000.0,
DT.DOD.DECT.GN.ZS,External debt stocks (% of GNI),48.8816547198372,42.8030792314832,46.7971411484254,45.5616989858586,43.3540299808694,34.6457196116282,25.9815783821403,23.7286525996857,21.3839855924913,23.1467304427454,22.2225676848295,24.2028090386462,23.6580500299705,25.3199963359355,27.9167114008697,31.2950342114591,30.8914798400835,33.8226416483012,35.5476770943153,36.5652808190923,
NY.ADJ.DFOR.GN.ZS,Adjusted savings: net forest depletion (% of GNI),1.63240218264586,1.52224400786021,1.78686113365613,2.41396073162375,1.9416731672796,2.22204319309355,1.70340415432144,2.11569013151195,2.18286011569046,2.25110703253299,1.8379603283542,1.925418365546,1.82026485355113,1.67609026086873,1.63924073830429,1.61572329597811,1.55964405339436,1.30790481901539,0.710414078063739,0.554569385835339,
NE.RSB.GNFS.CN,External balance on goods and services (current LCU),-98079647000.0,-102875854600.0,-55669180000.0,-67438761600.0,-79728218000.0,-105624492000.0,-172548000000.0,-216357000000.0,-303690000000.0,-309232000000.0,-409253000000.0,-640736000000.0,-567204079300.0,-630253000000.0,-794423800000.0,-693244700000.0,-635283600000.0,-892600800000.0,-871525500000.0,-909540000000.0,-936018000000.0
NY.GSR.NFCY.KN,Net primary income (Net income from abroad) (constant LCU),,,,,,,,,,,,,,,,,,,,,
NY.ADJ.DFOR.CD,Adjusted savings: net forest depletion (current US$),205283992.399897,195433412.852792,232759353.831631,355780206.12306,309769676.323181,416226542.74998,438719275.481818,673085932.99232,782849920.349231,832388674.124186,732472420.056954,807942365.765963,913772956.482667,913469192.17346,993379887.412397,1021137123.05817,1063677244.41495,1013626234.73693,613087349.369007,519076945.141877,
NY.ADJ.DNGY.CD,Adjusted savings: energy depletion (current US$),0.0,0.0,0.0,0.0,0.0,0.0,0.0,0.0,0.0,0.0,0.0,0.0,0.0,0.0,0.0,0.0,0.0,0.0,2544545.12669283,11899877.630119,
NY.GSR.NFCY.CD,Net primary income (Net income from abroad) (current US$),-129780165.538789,-147499812.252826,-121585948.283853,-166075493.0171,-141587434.226979,-6194236.97721235,-70082440.1393604,-144182204.95086,-31658698.986488,-44653014.7895336,-147627509.680286,8478698.53666446,-225412163.313206,-599979796.314337,-868240330.655966,-812644316.219946,-1010321720.04366,-1508592421.10841,-1449224888.84677,-1925050495.14658,-1837540326.953
NY.GDP.MKTP.CN,GDP (current LCU),967836930000.0,1020221000000.0,1035373000000.0,1131782000000.0,1274329000000.0,1415725000000.0,1862041000000.0,2151349000000.0,2483058000000.0,2863688000000.0,3169335000000.0,3725918000000.0,4261370003300.0,4745090000000.0,5402647460500.0,6284184900000.0,7022963100000.0,8165842200000.0,8892110900000.0,9740360000000.0,10521910000000.0
BN.CAB.XOKA.CD,"Current account balance (BoP, current US$)",-199391622.202443,-320276833.921081,-117669073.526434,132419234.800848,-131773010.475556,-252316724.244559,-510433478.209824,-1032063134.43922,-1982580959.14999,-1688531646.93335,-2368666520.21066,-3819265449.35913,-4216125399.26653,-4842121337.6166,-6377902129.71651,-4420779165.07473,-4034814087.4585,-5687486284.18925,-5047669612.91109,-5559231016.68245,
BX.GSR.INSF.ZS,"Insurance and financial services (% of service exports, BoP)",0.368913750306919,0.317635058819695,1.0593009050797,1.14788347464275,0.792684107439896,0.55540509941248,0.299511402885525,0.258648500816024,0.320075779734611,0.488951011101875,3.74445572851628,4.6401646196204,5.82109501195453,6.18515229412082,5.66203311808524,7.23789330110104,8.75785255270022,12.7683157688033,15.3277887619253,11.4456208200737,
NE.CON.TOTL.ZS,Final consumption expenditure (% of GDP),93.3450638218568,95.543220537511,95.692470249852,95.2504987709647,93.3847538586974,92.779600558018,90.5787788775865,89.4842724262777,91.0015392310611,91.4657602364504,91.3238266071589,92.8204270732743,92.5911116013041,94.8852181939647,93.7871541137179,92.9375200274581,91.7689785384178,94.5384261772778,95.4705333240952,95.5488503505004,
NY.ADJ.NNTY.KD.ZG,Adjusted net national income (annual % growth),0.0593760081667227,1.91352230413644,0.94898829778738,1.51633394852566,5.16123591769879,7.791701777152,13.6227736184327,5.15864891862068,2.24863332681234,5.99286674805153,6.52880583793427,4.8165171395395,6.76226832886056,5.3334541394122,1.66008270877941,8.48912203591811,8.06173115557087,1.21611135965207,6.05762768499423,4.17757257751614,
NY.ADJ.DMIN.GN.ZS,Adjusted savings: mineral depletion (% of GNI),0.0148868648408717,0.0168407847448983,0.0286296605278586,0.00939190160663041,0.0030929899356637,0.00462519987082227,0.00656737158874349,0.0420494438640606,0.00526885668361094,0.019319317302826,0.0540075692491372,0.0615321728081527,0.107638990467881,0.0383643726818053,0.00268395548450162,0.00130051089097608,0.00184985894607937,0.0041476249308712,0.00380218693261265,0.0,
NV.AGR.TOTL.CN,"Agriculture, forestry, and fishing, value added (current LCU)",277980000000.0,284124000000.0,267685000000.0,292050000000.0,317678000000.0,343119000000.0,382085000000.0,442891000000.0,551148000000.0,668969000000.0,786826000000.0,980088000000.0,1115198412100.0,1254760000000.0,1483077556600.0,1897346800000.0,2182198300000.0,2844263200000.0,3032084700000.0,3326299200000.0,3698529000000.0
NE.CON.PRVT.KD.ZG,Households and NPISHs Final consumption expenditure (annual % growth),-0.383022773500741,4.14772734694327,0.843318428832191,2.20268030673508,2.41994762674767,6.46642969121838,9.92487153423036,5.2958028537257,-1.51901516609496,4.58906527431651,7.48878342589458,6.27840710588789,5.75643475249011,8.33282486052669,4.26854137259937,5.16187657364924,4.73909006736572,7.40628971486447,6.49405860387786,5.0121191908173,
BX.GSR.NFSV.CD,"Service exports (BoP, current US$)",997202019.270788,1122990221.48101,1056269685.25064,1200295733.16999,1559069432.1936,1882771508.16587,2436765260.15925,2939633374.59767,3261882497.50033,2893066568.98762,3772180345.96015,4134241409.7247,4993135336.5669,5132018384.48736,5024196422.98615,4638150964.34645,4165125898.92863,4647509798.23076,5477482519.02429,5619855538.5514,
NY.GDP.DISC.KN,Discrepancy in expenditure estimate of GDP (constant LCU),,,,,,,,,,0.0,19796000000.0,71887000000.0,-5422041700.0,-40283000000.0,22249183000.0,-46150049000.0,21877277900.0,23980400000.0,43293100000.0,30230100000.0,
NV.SRV.TOTL.KN,"Services, value added (constant LCU)",,,,,,,1208134000000.0,1291020000000.0,1327281000000.0,1412280000000.0,1520696000000.0,1615105000000.0,1695524520500.0,1787127000000.0,1899583945100.0,2020783808800.0,2150875858300.0,2277918400000.0,2430426700000.0,2592067300000.0,2476897000000.0
BN.TRF.KOGT.CD,"Net capital account (BoP, current US$)",49556588.8657394,51466160.4584691,81179551.4808256,163049676.068582,145186778.410053,103334418.957302,168403042.724706,156840802.178757,94476057.3899845,260857693.840834,240176945.729912,234888959.783812,235301076.540873,158423965.630685,275287895.589866,261949666.850571,205686137.679077,184178685.060518,262513196.360919,207331412.914026,
NV.SRV.EMPL.KD,"Services, value added per worker (constant 2010 US$)",,,,,,,3463.43131357863,3493.3964548638,3428.09555946351,3466.61033632198,3502.45147045658,3501.66933721821,3465.56659498078,3436.22514295248,3436.41431846706,3441.5129516828,3447.1865969078,3481.86181555719,3537.12179233965,3597.55435145745,
NY.ADJ.NNTY.PC.CD,Adjusted net national income per capita (current US$),326.352993929567,325.52210076052,319.511833158459,348.282922406606,370.097802580674,425.999595402832,578.731039500055,695.243707573418,765.4289732323,767.652628337395,808.661800002094,833.20728145028,972.85447528418,1033.42730982328,1098.44397579395,1125.13204930409,1195.73127609437,1294.42639170524,1414.02219688384,1492.07039951071,
DT.ODA.ODAT.PC.ZS,Net ODA received per capita (current US$),16.0778071446495,14.3814485088257,11.5022198028127,15.0783853796379,18.4067652046996,20.6572596593028,25.0112632201333,34.345120966505,34.2631828665306,43.5795018221143,38.811169710339,57.408971419174,59.8433088784592,72.6458942208512,56.9812942071808,51.4545848926328,44.6140996613975,49.3859692230665,48.4686780918065,61.8361169265224,
BM.GSR.ROYL.CD,"Charges for the use of intellectual property, payments (BoP, current US$)",77305180.523276,62162530.4317117,42413135.2966069,39191514.8825915,50346909.8414109,36900044.4878805,19722101.6878337,23566674.9195345,28437098.697763,21238426.6491419,17804501.4724443,15092611.7064199,31781379.3919319,77528118.5896196,147497625.74995,146181725.586725,144484255.982923,206821068.749645,131726255.172434,121644123.28036,
NE.GDI.STKB.CN,Changes in inventories (current LCU),6826000000.0,6517000000.0,-21729000000.0,7288000000.0,8962000000.0,-14857000000.0,-14726000000.0,10590000000.0,18568000000.0,23699000000.0,14871000000.0,48881000000.0,13849749000.0,-22059000000.0,-24203400000.0,-9406000000.0,43909700000.0,61415500000.0,59999000000.0,63116700000.0,
NV.SRV.TOTL.KD.ZG,"Services, value added (annual % growth)",,,,,,,,6.86066280727138,2.80870939257332,6.40399433126821,7.67666468405699,6.20827568429192,4.97921314713285,5.40260423205127,6.29261071541083,6.38033733716463,6.4377024862077,5.90654924177778,6.69507301051698,6.65070870065738,-4.4431832460523
NY.ADJ.AEDU.CD,Adjusted savings: education expenditure (current US$),645127096.8681,656047739.0754,755517161.796,897571127.3613,1011467728.444,1215687557.66919,1710161374.0984,1972468804.57404,2065737290.63043,1967168900.60881,1944800088.8456,2111878655.68555,2622315224.8509,2842745855.06809,3051973675.53947,3122249733.93104,3369263162.24837,3828708138.9186,4263451772.7571,4624091378.1004,
BM.GSR.GNFS.CD,"Imports of goods and services (BoP, current US$)",3762643505.41548,4048455388.18311,3867317721.35836,4259195557.05212,5289802783.68995,6738798772.12101,8171032136.50783,10059196236.6922,12559095830.673,11301827560.5736,13531300083.7643,16327804267.4573,17915460309.9491,18296212176.3363,20278599675.8509,17669274444.1437,16171530283.6917,19080297351.8803,20167353449.0948,20408411990.3437,
NE.GDI.TOTL.KD.ZG,Gross capital formation (annual % growth),11.1141438502317,12.1214425253085,-20.3742247134295,10.005568464388,7.62753248809803,13.2404856030403,31.4739488788825,8.15852836844296,14.1362227825836,11.0929175571141,11.3719370116288,6.56666407172422,9.40007376653736,-0.311662101818143,10.8510210745774,5.00742613955805,-4.447480198002,11.2667058201075,0.415725726564389,2.45402272713235,
BX.GRT.TECH.CD.WD,"Technical cooperation grants (BoP, current US$)",135580000.0,135560000.0,165960000.0,173490000.0,211460000.0,217650000.0,280740000.0,140060000.0,128950000.0,122180000.0,153100000.0,204790000.0,229590000.0,213310000.0,230290000.0,209160000.0,215970000.0,195970000.0,144650000.0,171700000.0,
NV.IND.MANF.KN,"Manufacturing, value added (constant LCU)",260577414600.0,261342239500.0,261554399800.0,277175686400.0,289543848000.0,303043531300.0,327918000000.0,342267000000.0,346177000000.0,342532000000.0,357958000000.0,383890000000.0,381749605700.0,403128000000.0,413281475800.0,428153287600.0,441320559700.0,444468200000.0,463713800000.0,478390600000.0,
NE.IMP.GNFS.CN,Imports of goods and services (current LCU),307012132800.0,336828612300.0,313456066000.0,340049001600.0,418830460000.0,509233960000.0,600537000000.0,687911000000.0,866700000000.0,882904000000.0,1063942000000.0,1446502000000.0,1514393856900.0,1575731000000.0,1782945200000.0,1734754600000.0,1641477700000.0,1973102100000.0,2042984600000.0,2081480400000.0,2120836000000.0
NY.GDP.PCAP.KN,GDP per capita (constant LCU),63610.2331372839,64238.0719294043,62860.9903114346,62974.692760971,64412.5283388504,66373.8865122269,68747.544924055,71451.4472122026,69662.7491607355,70013.7436500958,73860.3492629337,76288.9759131156,77674.1056321056,80114.7214764082,82273.6745130301,84837.9775873177,87677.1527865257,89750.5823542936,93246.4264776017,96042.0106780224,93614.6792061936
BX.GSR.CMCP.ZS,"Communications, computer, etc. (% of service exports, BoP)",29.7698361744258,30.9424544960632,29.1527609214499,29.1318988593358,29.5645888038787,29.5047228048417,30.7427321584759,30.0856476640648,37.1689040496928,38.1724784974355,31.3073480928487,30.7980682162523,32.8091392801355,32.4283310989246,35.7766675903367,35.0747576646818,33.9890928516382,32.6101687871883,17.3579945523057,18.9240315405094,
NE.DAB.TOTL.KN,Gross national expenditure (constant LCU),2137143339800.0,2241855877600.0,2202344656500.0,2281367015400.0,2343224450000.0,2487446112500.0,2758607000000.0,2925990000000.0,2987091000000.0,3172920000000.0,3415306000000.0,3621747000000.0,3859357961900.0,4107394000000.0,4316176400000.0,4572202500000.0,4717442900000.0,5075303700000.0,5345217400000.0,5589585800000.0,
NE.CON.PRVT.CN,Households and NPISHs Final consumption expenditure (current LCU),757727000000.0,811793000000.0,813953000000.0,872821000000.0,962433000000.0,1067448000000.0,1419467000000.0,1610385000000.0,1870427000000.0,2183599000000.0,2445294000000.0,2936351000000.0,3355111980500.0,3831453000000.0,4316539500000.0,4955073000000.0,5536202700000.0,6666111400000.0,7324881300000.0,8035405200000.0,
NY.ADJ.NNTY.CD,Adjusted net national income (current US$),10431728876.5823,10692935187.8569,10784082236.7587,12078027192.1787,13188534011.0756,15602191303.6704,21788667476.6481,26910057059.252,30457937455.9961,31398372738.4252,33988608578.7592,35976448964.4262,43139742266.2753,47041596675.1735,51297402871.5481,53869453676.3459,58652449757.0127,65007576804.0823,72670234734.9064,78444059945.5527,
NY.GDP.MKTP.CN.AD,GDP: linked series (current LCU),1109199742901.32,1169235059983.22,1186600169727.94,1297090723145.21,1460458219104.83,1622506599349.3,1862041000000.0,2151349000000.0,2483058000000.0,2863688000000.0,3169335000000.0,3725917999999.98,4261370003299.99,4745089999999.99,5402647460500.01,6284184900000.0,7022963099999.99,8165842200000.0,8892110900000.02,9740360000000.01,10521910000000.0
BN.KLT.PTXL.CD,"Portfolio investment, net (BoP, current US$)",14392651.1845173,1418755.94545257,4765613.84743135,37684711.1430908,66310129.8178453,30463597.7673668,20626252.1041757,24728348.6011389,26094951.2715182,20885877.1183245,28958645.3512831,1712387.63675943,-217693008.399385,-270498355.072183,-3716840171.74216,155052039.214022,349126259.184761,788868819.206841,-624668497.938443,-1312189157.78359,
NY.ADJ.NNTY.PC.KD,Adjusted net national income per capita (constant 2010 US$),651.092037707617,645.693524676608,634.378729440861,626.782640238375,641.440602750396,672.737102872479,743.589560459518,760.597029657649,756.474155745543,780.052669773757,808.661800002094,825.083444437355,857.731259674663,880.126523910579,872.127982857706,922.879091890397,973.426658930089,962.318494582515,997.348694655645,1015.66583826764,
NY.GNP.ATLS.CD,"GNI, Atlas method (current US$)",13172825467.5588,13000594243.0183,12882107441.9805,14031381214.9055,16076230711.3065,18609116462.7221,21847775290.0599,27060703357.6326,32710330147.8788,36649690185.1554,40444560728.6762,42878433152.7165,46449993545.7856,51365587626.7479,57832847292.9801,61710627444.4539,66244414314.1549,71394919718.5354,82388772045.7774,91823754976.0979,94788772302.7121
NE.GDI.FPRV.ZS,"Gross fixed capital formation, private sector (% of GDP)",,,,,,,,,,,,,,,,,,,,,
NY.ADJ.ICTR.GN.ZS,Adjusted savings: gross savings (% of GNI),13.0,9.89,8.61,9.58,12.1,13.9,16.1,16.7,15.4,14.5,14.2,13.6,12.6,9.71,10.7,11.3,11.6,9.37,8.72,8.13,
